transactionDate,assetDescription,readyTime,readyTimeUOM,CO2eFactor,engineIdleAFC,dieselSavedVolume,dieselSavedVolumeUOM,dieselRate,dieselRateUOM,dieselSavedCost,CO2eReduction,CO2eReductionUOM,chargeAmount,currency
2022-06-02T00:00:00.000Z,Pump_1,4.4,hour,10.21 kg/gal,15.06 gal/hr,66.26,gal,5.8,USD / gal,384.33,676.56,kg,175.5,USD
2022-06-02T00:00:00.000Z,Pump_2,9.9,hour,10.21 kg/gal,15.06 gal/hr,149.09,gal,5.8,USD / gal,797.65,1522.25,kg,258.16,USD
2022-06-02T00:00:00.000Z,Pump_3,9.4,hour,10.21 kg/gal,15.06 gal/hr,141.56,gal,5.8,USD / gal,771.52,1445.37,kg,252.93,USD
2022-06-02T00:00:00.000Z,Pump_4,10.5,hour,10.21 kg/gal,15.06 gal/hr,158.13,gal,5.8,USD / gal,902.92,1614.51,kg,279.21,USD
2022-06-02T00:00:00.000Z,Pump_5,7.1,hour,10.21 kg/gal,15.06 gal/hr,106.93,gal,5.8,USD / gal,620.17,1091.71,kg,222.66,USD
2022-06-02T00:00:00.000Z,Pump_6,8.3,hour,10.21 kg/gal,15.06 gal/hr,125,gal,5.8,USD / gal,722.49,1276.23,kg,243.13,USD
2022-06-02T00:00:00.000Z,Pump_7,8.4,hour,10.21 kg/gal,15.06 gal/hr,126.5,gal,5.8,USD / gal,726.13,1291.61,kg,243.86,USD
2022-06-02T00:00:00.000Z,Pump_8,10.4,hour,10.21 kg/gal,15.06 gal/hr,156.62,gal,5.8,USD / gal,864.56,1599.13,kg,271.54,USD
2022-06-02T00:00:00.000Z,Pump_9,5.9,hour,10.21 kg/gal,15.06 gal/hr,88.85,gal,5.8,USD / gal,476.26,907.2,kg,193.88,USD
2022-06-02T00:00:00.000Z,Pump_10,8.8,hour,10.21 kg/gal,12.00 gal/hr,105.6,gal,5.8,USD / gal,579.74,1078.18,kg,214.58,USD
2022-06-02T00:00:00.000Z,Pump_11,9.2,hour,10.21 kg/gal,12.00 gal/hr,110.4,gal,5.8,USD / gal,618.24,1127.18,kg,222.28,USD
2022-06-02T00:00:00.000Z,Pump_12,9.8,hour,10.21 kg/gal,12.00 gal/hr,117.6,gal,5.8,USD / gal,650.33,1200.7,kg,228.7,USD
2022-06-02T00:00:00.000Z,Pump_13,7.5,hour,10.21 kg/gal,12.00 gal/hr,90,gal,5.8,USD / gal,495,918.9,kg,197.63,USD
2022-06-02T00:00:00.000Z,Pump_14,8.9,hour,10.21 kg/gal,12.00 gal/hr,106.8,gal,5.8,USD / gal,627.98,1090.43,kg,224.23,USD
2022-06-02T00:00:00.000Z,Pump_15,9.3,hour,10.21 kg/gal,12.00 gal/hr,111.6,gal,5.8,USD / gal,621.61,1139.44,kg,222.95,USD
2022-06-02T00:00:00.000Z,Pump_16,11.5,hour,10.21 kg/gal,12.00 gal/hr,138,gal,5.8,USD / gal,754.86,1408.98,kg,249.6,USD
2022-06-02T00:00:00.000Z,Pump_17,4.8,hour,10.21 kg/gal,12.00 gal/hr,57.6,gal,5.8,USD / gal,326.59,588.1,kg,163.95,USD
2022-06-02T00:00:00.000Z,Pump_18,9.2,hour,10.21 kg/gal,12.00 gal/hr,110.4,gal,5.8,USD / gal,604.99,1127.18,kg,219.63,USD
2022-06-02T00:00:00.000Z,Pump_19,9.3,hour,10.21 kg/gal,12.00 gal/hr,111.6,gal,5.8,USD / gal,599.29,1139.44,kg,218.49,USD
2022-06-02T00:00:00.000Z,Pump_20,10.3,hour,10.21 kg/gal,12.00 gal/hr,123.6,gal,5.8,USD / gal,690.92,1261.96,kg,236.81,USD
2022-06-03T00:00:00.000Z,Pump_1,10,hour,10.21 kg/gal,15.06 gal/hr,150.6,gal,5.73,USD / gal,844.87,1537.63,kg,267.6,USD
2022-06-03T00:00:00.000Z,Pump_2,9.7,hour,10.21 kg/gal,15.06 gal/hr,146.08,gal,5.73,USD / gal,851.66,1491.5,kg,268.96,USD
2022-06-03T00:00:00.000Z,Pump_3,8,hour,10.21 kg/gal,15.06 gal/hr,120.48,gal,5.73,USD / gal,704.81,1230.1,kg,239.59,USD
2022-06-03T00:00:00.000Z,Pump_4,10,hour,10.21 kg/gal,15.06 gal/hr,150.6,gal,5.73,USD / gal,878,1537.63,kg,274.23,USD
2022-06-03T00:00:00.000Z,Pump_5,7.5,hour,10.21 kg/gal,15.06 gal/hr,112.95,gal,5.73,USD / gal,617.84,1153.22,kg,222.2,USD
2022-06-03T00:00:00.000Z,Pump_6,7.9,hour,10.21 kg/gal,15.06 gal/hr,118.97,gal,5.73,USD / gal,692.43,1214.72,kg,237.12,USD
2022-06-03T00:00:00.000Z,Pump_7,9.5,hour,10.21 kg/gal,15.06 gal/hr,143.07,gal,5.73,USD / gal,785.45,1460.74,kg,255.72,USD
2022-06-03T00:00:00.000Z,Pump_8,9.8,hour,10.21 kg/gal,15.06 gal/hr,147.59,gal,5.73,USD / gal,810.26,1506.87,kg,260.68,USD
2022-06-03T00:00:00.000Z,Pump_9,9.2,hour,10.21 kg/gal,15.06 gal/hr,138.55,gal,5.73,USD / gal,786.98,1414.62,kg,256.03,USD
2022-06-03T00:00:00.000Z,Pump_10,6.4,hour,10.21 kg/gal,12.00 gal/hr,76.8,gal,5.73,USD / gal,443.14,784.13,kg,187.26,USD
2022-06-03T00:00:00.000Z,Pump_11,9.5,hour,10.21 kg/gal,12.00 gal/hr,114,gal,5.73,USD / gal,616.74,1163.94,kg,221.98,USD
2022-06-03T00:00:00.000Z,Pump_12,10.2,hour,10.21 kg/gal,12.00 gal/hr,122.4,gal,5.73,USD / gal,664.63,1249.7,kg,231.56,USD
2022-06-03T00:00:00.000Z,Pump_13,6.5,hour,10.21 kg/gal,12.00 gal/hr,78,gal,5.73,USD / gal,432.12,796.38,kg,185.05,USD
2022-06-03T00:00:00.000Z,Pump_14,7.5,hour,10.21 kg/gal,12.00 gal/hr,90,gal,5.73,USD / gal,493.2,918.9,kg,197.27,USD
2022-06-03T00:00:00.000Z,Pump_15,7.3,hour,10.21 kg/gal,12.00 gal/hr,87.6,gal,5.73,USD / gal,490.56,894.4,kg,196.74,USD
2022-06-03T00:00:00.000Z,Pump_16,7.6,hour,10.21 kg/gal,12.00 gal/hr,91.2,gal,5.73,USD / gal,537.17,931.15,kg,206.06,USD
2022-06-03T00:00:00.000Z,Pump_17,4.9,hour,10.21 kg/gal,12.00 gal/hr,58.8,gal,5.73,USD / gal,333.98,600.35,kg,165.43,USD
2022-06-03T00:00:00.000Z,Pump_18,8.3,hour,10.21 kg/gal,12.00 gal/hr,99.6,gal,5.73,USD / gal,573.7,1016.92,kg,213.37,USD
2022-06-03T00:00:00.000Z,Pump_19,9.4,hour,10.21 kg/gal,12.00 gal/hr,112.8,gal,5.73,USD / gal,613.63,1151.69,kg,221.36,USD
2022-06-03T00:00:00.000Z,Pump_20,10.5,hour,10.21 kg/gal,12.00 gal/hr,126,gal,5.73,USD / gal,691.74,1286.46,kg,236.98,USD
2022-06-04T00:00:00.000Z,Pump_1,4.7,hour,10.21 kg/gal,15.06 gal/hr,70.78,gal,5.6,USD / gal,411.24,722.68,kg,180.88,USD
2022-06-04T00:00:00.000Z,Pump_2,6,hour,10.21 kg/gal,15.06 gal/hr,90.36,gal,5.6,USD / gal,491.56,922.58,kg,196.94,USD
2022-06-04T00:00:00.000Z,Pump_3,9.8,hour,10.21 kg/gal,15.06 gal/hr,147.59,gal,5.6,USD / gal,795.5,1506.87,kg,257.73,USD
2022-06-04T00:00:00.000Z,Pump_4,10.5,hour,10.21 kg/gal,15.06 gal/hr,158.13,gal,5.6,USD / gal,846,1614.51,kg,267.83,USD
2022-06-04T00:00:00.000Z,Pump_5,7.3,hour,10.21 kg/gal,15.06 gal/hr,109.94,gal,5.6,USD / gal,647.53,1122.47,kg,228.14,USD
2022-06-04T00:00:00.000Z,Pump_6,8.6,hour,10.21 kg/gal,15.06 gal/hr,129.52,gal,5.6,USD / gal,718.81,1322.36,kg,242.39,USD
2022-06-04T00:00:00.000Z,Pump_7,10.3,hour,10.21 kg/gal,15.06 gal/hr,155.12,gal,5.6,USD / gal,862.46,1583.75,kg,271.12,USD
2022-06-04T00:00:00.000Z,Pump_8,7.8,hour,10.21 kg/gal,15.06 gal/hr,117.47,gal,5.6,USD / gal,639.03,1199.35,kg,226.44,USD
2022-06-04T00:00:00.000Z,Pump_9,4.4,hour,10.21 kg/gal,15.06 gal/hr,66.26,gal,5.6,USD / gal,373.73,676.56,kg,173.38,USD
2022-06-04T00:00:00.000Z,Pump_10,6.9,hour,10.21 kg/gal,12.00 gal/hr,82.8,gal,5.6,USD / gal,467.82,845.39,kg,192.19,USD
2022-06-04T00:00:00.000Z,Pump_11,8.1,hour,10.21 kg/gal,12.00 gal/hr,97.2,gal,5.6,USD / gal,538.49,992.41,kg,206.33,USD
2022-06-04T00:00:00.000Z,Pump_12,10.1,hour,10.21 kg/gal,12.00 gal/hr,121.2,gal,5.6,USD / gal,670.24,1237.45,kg,232.68,USD
2022-06-04T00:00:00.000Z,Pump_13,6.8,hour,10.21 kg/gal,12.00 gal/hr,81.6,gal,5.6,USD / gal,453.7,833.14,kg,189.37,USD
2022-06-04T00:00:00.000Z,Pump_14,8,hour,10.21 kg/gal,12.00 gal/hr,96,gal,5.6,USD / gal,525.12,980.16,kg,203.65,USD
2022-06-04T00:00:00.000Z,Pump_15,9.7,hour,10.21 kg/gal,12.00 gal/hr,116.4,gal,5.6,USD / gal,629.72,1188.44,kg,224.57,USD
2022-06-04T00:00:00.000Z,Pump_16,8.2,hour,10.21 kg/gal,12.00 gal/hr,98.4,gal,5.6,USD / gal,550.06,1004.66,kg,208.64,USD
2022-06-04T00:00:00.000Z,Pump_17,9,hour,10.21 kg/gal,12.00 gal/hr,108,gal,5.6,USD / gal,611.28,1102.68,kg,220.89,USD
2022-06-04T00:00:00.000Z,Pump_18,7.3,hour,10.21 kg/gal,12.00 gal/hr,87.6,gal,5.6,USD / gal,478.3,894.4,kg,194.29,USD
2022-06-04T00:00:00.000Z,Pump_19,8.9,hour,10.21 kg/gal,12.00 gal/hr,106.8,gal,5.6,USD / gal,583.13,1090.43,kg,215.26,USD
2022-06-04T00:00:00.000Z,Pump_20,9.7,hour,10.21 kg/gal,12.00 gal/hr,116.4,gal,5.6,USD / gal,643.69,1188.44,kg,227.37,USD
2022-06-05T00:00:00.000Z,Pump_1,4.2,hour,10.21 kg/gal,15.06 gal/hr,63.25,gal,5.49,USD / gal,364.33,645.8,kg,171.5,USD
2022-06-05T00:00:00.000Z,Pump_2,6.3,hour,10.21 kg/gal,15.06 gal/hr,94.88,gal,5.49,USD / gal,524.68,968.7,kg,203.57,USD
2022-06-05T00:00:00.000Z,Pump_3,9.1,hour,10.21 kg/gal,15.06 gal/hr,137.05,gal,5.49,USD / gal,751.01,1399.24,kg,248.83,USD
2022-06-05T00:00:00.000Z,Pump_4,9.5,hour,10.21 kg/gal,15.06 gal/hr,143.07,gal,5.49,USD / gal,788.32,1460.74,kg,256.29,USD
2022-06-05T00:00:00.000Z,Pump_5,6.6,hour,10.21 kg/gal,15.06 gal/hr,99.4,gal,5.49,USD / gal,577.49,1014.83,kg,214.13,USD
2022-06-05T00:00:00.000Z,Pump_6,7.3,hour,10.21 kg/gal,15.06 gal/hr,109.94,gal,5.49,USD / gal,637.64,1122.47,kg,226.16,USD
2022-06-05T00:00:00.000Z,Pump_7,8.7,hour,10.21 kg/gal,15.06 gal/hr,131.02,gal,5.49,USD / gal,725.86,1337.73,kg,243.8,USD
2022-06-05T00:00:00.000Z,Pump_8,8.4,hour,10.21 kg/gal,15.06 gal/hr,126.5,gal,5.49,USD / gal,717.28,1291.61,kg,242.09,USD
2022-06-05T00:00:00.000Z,Pump_9,6.3,hour,10.21 kg/gal,15.06 gal/hr,94.88,gal,5.49,USD / gal,549.34,968.7,kg,208.5,USD
2022-06-05T00:00:00.000Z,Pump_10,9.4,hour,10.21 kg/gal,12.00 gal/hr,112.8,gal,5.49,USD / gal,621.53,1151.69,kg,222.94,USD
2022-06-05T00:00:00.000Z,Pump_11,9.2,hour,10.21 kg/gal,12.00 gal/hr,110.4,gal,5.49,USD / gal,617.14,1127.18,kg,222.06,USD
2022-06-05T00:00:00.000Z,Pump_12,9.6,hour,10.21 kg/gal,12.00 gal/hr,115.2,gal,5.49,USD / gal,640.51,1176.19,kg,226.73,USD
2022-06-05T00:00:00.000Z,Pump_13,6.6,hour,10.21 kg/gal,12.00 gal/hr,79.2,gal,5.49,USD / gal,426.89,808.63,kg,184.01,USD
2022-06-05T00:00:00.000Z,Pump_14,7.6,hour,10.21 kg/gal,12.00 gal/hr,91.2,gal,5.49,USD / gal,499.78,931.15,kg,198.59,USD
2022-06-05T00:00:00.000Z,Pump_15,9.3,hour,10.21 kg/gal,12.00 gal/hr,111.6,gal,5.49,USD / gal,645.05,1139.44,kg,227.64,USD
2022-06-05T00:00:00.000Z,Pump_16,7.8,hour,10.21 kg/gal,12.00 gal/hr,93.6,gal,5.49,USD / gal,517.61,955.66,kg,202.15,USD
2022-06-05T00:00:00.000Z,Pump_17,7.6,hour,10.21 kg/gal,12.00 gal/hr,91.2,gal,5.49,USD / gal,506.16,931.15,kg,199.86,USD
2022-06-05T00:00:00.000Z,Pump_18,6.2,hour,10.21 kg/gal,12.00 gal/hr,74.4,gal,5.49,USD / gal,434.5,759.62,kg,185.53,USD
2022-06-05T00:00:00.000Z,Pump_19,9,hour,10.21 kg/gal,12.00 gal/hr,108,gal,5.49,USD / gal,591.84,1102.68,kg,217,USD
2022-06-05T00:00:00.000Z,Pump_20,10,hour,10.21 kg/gal,12.00 gal/hr,120,gal,5.49,USD / gal,686.4,1225.2,kg,235.91,USD
2022-06-06T00:00:00.000Z,Pump_1,8.2,hour,10.21 kg/gal,15.06 gal/hr,123.49,gal,5.61,USD / gal,676.74,1260.85,kg,233.98,USD
2022-06-06T00:00:00.000Z,Pump_2,6,hour,10.21 kg/gal,15.06 gal/hr,90.36,gal,5.61,USD / gal,502.4,922.58,kg,199.11,USD
2022-06-06T00:00:00.000Z,Pump_3,9.4,hour,10.21 kg/gal,15.06 gal/hr,141.56,gal,5.61,USD / gal,765.86,1445.37,kg,251.8,USD
2022-06-06T00:00:00.000Z,Pump_4,10.3,hour,10.21 kg/gal,15.06 gal/hr,155.12,gal,5.61,USD / gal,901.24,1583.75,kg,278.88,USD
2022-06-06T00:00:00.000Z,Pump_5,6.7,hour,10.21 kg/gal,15.06 gal/hr,100.9,gal,5.61,USD / gal,555.97,1030.21,kg,209.82,USD
2022-06-06T00:00:00.000Z,Pump_6,7.9,hour,10.21 kg/gal,15.06 gal/hr,118.97,gal,5.61,USD / gal,646.03,1214.72,kg,227.84,USD
2022-06-06T00:00:00.000Z,Pump_7,8.6,hour,10.21 kg/gal,15.06 gal/hr,129.52,gal,5.61,USD / gal,762.85,1322.36,kg,251.2,USD
2022-06-06T00:00:00.000Z,Pump_8,9.9,hour,10.21 kg/gal,15.06 gal/hr,149.09,gal,5.61,USD / gal,830.45,1522.25,kg,264.72,USD
2022-06-06T00:00:00.000Z,Pump_9,8,hour,10.21 kg/gal,15.06 gal/hr,120.48,gal,5.61,USD / gal,669.87,1230.1,kg,232.6,USD
2022-06-06T00:00:00.000Z,Pump_10,9.6,hour,10.21 kg/gal,12.00 gal/hr,115.2,gal,5.61,USD / gal,639.36,1176.19,kg,226.5,USD
2022-06-06T00:00:00.000Z,Pump_11,9.4,hour,10.21 kg/gal,12.00 gal/hr,112.8,gal,5.61,USD / gal,658.75,1151.69,kg,230.38,USD
2022-06-06T00:00:00.000Z,Pump_12,9.9,hour,10.21 kg/gal,12.00 gal/hr,118.8,gal,5.61,USD / gal,642.71,1212.95,kg,227.17,USD
2022-06-06T00:00:00.000Z,Pump_13,6.7,hour,10.21 kg/gal,12.00 gal/hr,80.4,gal,5.61,USD / gal,473.56,820.88,kg,193.34,USD
2022-06-06T00:00:00.000Z,Pump_14,7.5,hour,10.21 kg/gal,12.00 gal/hr,90,gal,5.61,USD / gal,521.1,918.9,kg,202.85,USD
2022-06-06T00:00:00.000Z,Pump_15,9.7,hour,10.21 kg/gal,12.00 gal/hr,116.4,gal,5.61,USD / gal,682.1,1188.44,kg,235.05,USD
2022-06-06T00:00:00.000Z,Pump_16,8.9,hour,10.21 kg/gal,12.00 gal/hr,106.8,gal,5.61,USD / gal,601.28,1090.43,kg,218.89,USD
2022-06-06T00:00:00.000Z,Pump_17,4.7,hour,10.21 kg/gal,12.00 gal/hr,56.4,gal,5.61,USD / gal,332.2,575.84,kg,165.07,USD
2022-06-06T00:00:00.000Z,Pump_18,9.6,hour,10.21 kg/gal,12.00 gal/hr,115.2,gal,5.61,USD / gal,646.27,1176.19,kg,227.88,USD
2022-06-06T00:00:00.000Z,Pump_19,9.3,hour,10.21 kg/gal,12.00 gal/hr,111.6,gal,5.61,USD / gal,621.61,1139.44,kg,222.95,USD
2022-06-06T00:00:00.000Z,Pump_20,10.1,hour,10.21 kg/gal,12.00 gal/hr,121.2,gal,5.61,USD / gal,706.6,1237.45,kg,239.95,USD
2022-06-07T00:00:00.000Z,Pump_1,4.3,hour,10.21 kg/gal,15.06 gal/hr,64.76,gal,5.47,USD / gal,351.64,661.18,kg,168.96,USD
2022-06-07T00:00:00.000Z,Pump_2,7,hour,10.21 kg/gal,15.06 gal/hr,105.42,gal,5.47,USD / gal,617.76,1076.34,kg,222.18,USD
2022-06-07T00:00:00.000Z,Pump_3,9,hour,10.21 kg/gal,15.06 gal/hr,135.54,gal,5.47,USD / gal,764.45,1383.86,kg,251.52,USD
2022-06-07T00:00:00.000Z,Pump_4,9.7,hour,10.21 kg/gal,15.06 gal/hr,146.08,gal,5.47,USD / gal,837.05,1491.5,kg,266.04,USD
2022-06-07T00:00:00.000Z,Pump_5,7.5,hour,10.21 kg/gal,15.06 gal/hr,112.95,gal,5.47,USD / gal,653.98,1153.22,kg,229.43,USD
2022-06-07T00:00:00.000Z,Pump_6,7.9,hour,10.21 kg/gal,15.06 gal/hr,118.97,gal,5.47,USD / gal,673.39,1214.72,kg,233.31,USD
2022-06-07T00:00:00.000Z,Pump_7,9,hour,10.21 kg/gal,15.06 gal/hr,135.54,gal,5.47,USD / gal,782.07,1383.86,kg,255.04,USD
2022-06-07T00:00:00.000Z,Pump_8,7,hour,10.21 kg/gal,15.06 gal/hr,105.42,gal,5.47,USD / gal,575.59,1076.34,kg,213.75,USD
2022-06-07T00:00:00.000Z,Pump_9,8.8,hour,10.21 kg/gal,15.06 gal/hr,132.53,gal,5.47,USD / gal,719.63,1353.11,kg,242.56,USD
2022-06-07T00:00:00.000Z,Pump_10,6.9,hour,10.21 kg/gal,12.00 gal/hr,82.8,gal,5.47,USD / gal,467.82,845.39,kg,192.19,USD
2022-06-07T00:00:00.000Z,Pump_11,9.4,hour,10.21 kg/gal,12.00 gal/hr,112.8,gal,5.47,USD / gal,631.68,1151.69,kg,224.97,USD
2022-06-07T00:00:00.000Z,Pump_12,10.1,hour,10.21 kg/gal,12.00 gal/hr,121.2,gal,5.47,USD / gal,670.24,1237.45,kg,232.68,USD
2022-06-07T00:00:00.000Z,Pump_13,7.5,hour,10.21 kg/gal,12.00 gal/hr,90,gal,5.47,USD / gal,513,918.9,kg,201.23,USD
2022-06-07T00:00:00.000Z,Pump_14,8.5,hour,10.21 kg/gal,12.00 gal/hr,102,gal,5.47,USD / gal,588.54,1041.42,kg,216.34,USD
2022-06-07T00:00:00.000Z,Pump_15,7.5,hour,10.21 kg/gal,12.00 gal/hr,90,gal,5.47,USD / gal,526.5,918.9,kg,203.93,USD
2022-06-07T00:00:00.000Z,Pump_16,8,hour,10.21 kg/gal,12.00 gal/hr,96,gal,5.47,USD / gal,555.84,980.16,kg,209.8,USD
2022-06-07T00:00:00.000Z,Pump_17,4.7,hour,10.21 kg/gal,12.00 gal/hr,56.4,gal,5.47,USD / gal,319.22,575.84,kg,162.47,USD
2022-06-07T00:00:00.000Z,Pump_18,6.2,hour,10.21 kg/gal,12.00 gal/hr,74.4,gal,5.47,USD / gal,430.03,759.62,kg,184.64,USD
2022-06-07T00:00:00.000Z,Pump_19,9.9,hour,10.21 kg/gal,12.00 gal/hr,118.8,gal,5.47,USD / gal,637.96,1212.95,kg,226.22,USD
2022-06-07T00:00:00.000Z,Pump_20,10.5,hour,10.21 kg/gal,12.00 gal/hr,126,gal,5.47,USD / gal,715.68,1286.46,kg,241.77,USD
2022-06-08T00:00:00.000Z,Pump_1,10,hour,10.21 kg/gal,15.06 gal/hr,150.6,gal,5.66,USD / gal,859.93,1537.63,kg,270.62,USD
2022-06-08T00:00:00.000Z,Pump_2,9.3,hour,10.21 kg/gal,15.06 gal/hr,140.06,gal,5.66,USD / gal,795.53,1429.99,kg,257.74,USD
2022-06-08T00:00:00.000Z,Pump_3,8.9,hour,10.21 kg/gal,15.06 gal/hr,134.03,gal,5.66,USD / gal,769.36,1368.49,kg,252.5,USD
2022-06-08T00:00:00.000Z,Pump_4,10.1,hour,10.21 kg/gal,15.06 gal/hr,152.11,gal,5.66,USD / gal,880.69,1553,kg,274.77,USD
2022-06-08T00:00:00.000Z,Pump_5,7.4,hour,10.21 kg/gal,15.06 gal/hr,111.44,gal,5.66,USD / gal,655.29,1137.84,kg,229.69,USD
2022-06-08T00:00:00.000Z,Pump_6,7.2,hour,10.21 kg/gal,15.06 gal/hr,108.43,gal,5.66,USD / gal,616.98,1107.09,kg,222.03,USD
2022-06-08T00:00:00.000Z,Pump_7,8.9,hour,10.21 kg/gal,15.06 gal/hr,134.03,gal,5.66,USD / gal,786.78,1368.49,kg,255.99,USD
2022-06-08T00:00:00.000Z,Pump_8,12.9,hour,10.21 kg/gal,15.06 gal/hr,194.27,gal,5.66,USD / gal,1093.76,1983.54,kg,317.38,USD
2022-06-08T00:00:00.000Z,Pump_9,8.8,hour,10.21 kg/gal,15.06 gal/hr,132.53,gal,5.66,USD / gal,760.71,1353.11,kg,250.77,USD
2022-06-08T00:00:00.000Z,Pump_10,7.2,hour,10.21 kg/gal,12.00 gal/hr,86.4,gal,5.66,USD / gal,474.34,882.14,kg,193.5,USD
2022-06-08T00:00:00.000Z,Pump_11,10,hour,10.21 kg/gal,12.00 gal/hr,120,gal,5.66,USD / gal,668.4,1225.2,kg,232.31,USD
2022-06-08T00:00:00.000Z,Pump_12,9.5,hour,10.21 kg/gal,12.00 gal/hr,114,gal,5.66,USD / gal,656.64,1163.94,kg,229.96,USD
2022-06-08T00:00:00.000Z,Pump_13,7,hour,10.21 kg/gal,12.00 gal/hr,84,gal,5.66,USD / gal,481.32,857.64,kg,194.89,USD
2022-06-08T00:00:00.000Z,Pump_14,8.9,hour,10.21 kg/gal,12.00 gal/hr,106.8,gal,5.66,USD / gal,587.4,1090.43,kg,216.11,USD
2022-06-08T00:00:00.000Z,Pump_15,7.2,hour,10.21 kg/gal,12.00 gal/hr,86.4,gal,5.66,USD / gal,463.97,882.14,kg,191.42,USD
2022-06-08T00:00:00.000Z,Pump_16,7.6,hour,10.21 kg/gal,12.00 gal/hr,91.2,gal,5.66,USD / gal,506.16,931.15,kg,199.86,USD
2022-06-08T00:00:00.000Z,Pump_17,9.3,hour,10.21 kg/gal,12.00 gal/hr,111.6,gal,5.66,USD / gal,603.76,1139.44,kg,219.38,USD
2022-06-08T00:00:00.000Z,Pump_18,7,hour,10.21 kg/gal,12.00 gal/hr,84,gal,5.66,USD / gal,477.12,857.64,kg,194.05,USD
2022-06-08T00:00:00.000Z,Pump_19,8.2,hour,10.21 kg/gal,12.00 gal/hr,98.4,gal,5.66,USD / gal,567.77,1004.66,kg,212.18,USD
2022-06-08T00:00:00.000Z,Pump_20,9.5,hour,10.21 kg/gal,12.00 gal/hr,114,gal,5.66,USD / gal,617.88,1163.94,kg,222.21,USD
2022-06-09T00:00:00.000Z,Pump_1,6.7,hour,10.21 kg/gal,15.06 gal/hr,100.9,gal,5.74,USD / gal,559,1030.21,kg,210.43,USD
2022-06-09T00:00:00.000Z,Pump_2,9.5,hour,10.21 kg/gal,15.06 gal/hr,143.07,gal,5.74,USD / gal,835.53,1460.74,kg,265.74,USD
2022-06-09T00:00:00.000Z,Pump_3,8.5,hour,10.21 kg/gal,15.06 gal/hr,128.01,gal,5.74,USD / gal,723.26,1306.98,kg,243.28,USD
2022-06-09T00:00:00.000Z,Pump_4,10.1,hour,10.21 kg/gal,15.06 gal/hr,152.11,gal,5.74,USD / gal,833.54,1553,kg,265.34,USD
2022-06-09T00:00:00.000Z,Pump_5,6.6,hour,10.21 kg/gal,15.06 gal/hr,99.4,gal,5.74,USD / gal,537.73,1014.83,kg,206.18,USD
2022-06-09T00:00:00.000Z,Pump_6,8.7,hour,10.21 kg/gal,15.06 gal/hr,131.02,gal,5.74,USD / gal,725.86,1337.73,kg,243.8,USD
2022-06-09T00:00:00.000Z,Pump_7,9.6,hour,10.21 kg/gal,15.06 gal/hr,144.58,gal,5.74,USD / gal,792.28,1476.12,kg,257.09,USD
2022-06-09T00:00:00.000Z,Pump_8,8.1,hour,10.21 kg/gal,15.06 gal/hr,121.99,gal,5.74,USD / gal,701.42,1245.48,kg,238.91,USD
2022-06-09T00:00:00.000Z,Pump_9,7.7,hour,10.21 kg/gal,15.06 gal/hr,115.96,gal,5.74,USD / gal,648.23,1183.97,kg,228.28,USD
2022-06-09T00:00:00.000Z,Pump_10,6.7,hour,10.21 kg/gal,12.00 gal/hr,80.4,gal,5.74,USD / gal,469.54,820.88,kg,192.54,USD
2022-06-09T00:00:00.000Z,Pump_11,9.5,hour,10.21 kg/gal,12.00 gal/hr,114,gal,5.74,USD / gal,627,1163.94,kg,224.03,USD
2022-06-09T00:00:00.000Z,Pump_12,10.3,hour,10.21 kg/gal,12.00 gal/hr,123.6,gal,5.74,USD / gal,681.04,1261.96,kg,234.84,USD
2022-06-09T00:00:00.000Z,Pump_13,6.5,hour,10.21 kg/gal,12.00 gal/hr,78,gal,5.74,USD / gal,426.66,796.38,kg,183.96,USD
2022-06-09T00:00:00.000Z,Pump_14,7.3,hour,10.21 kg/gal,12.00 gal/hr,87.6,gal,5.74,USD / gal,477.42,894.4,kg,194.11,USD
2022-06-09T00:00:00.000Z,Pump_15,7.8,hour,10.21 kg/gal,12.00 gal/hr,93.6,gal,5.74,USD / gal,551.3,955.66,kg,208.89,USD
2022-06-09T00:00:00.000Z,Pump_16,8.5,hour,10.21 kg/gal,12.00 gal/hr,102,gal,5.74,USD / gal,600.78,1041.42,kg,218.79,USD
2022-06-09T00:00:00.000Z,Pump_17,6.8,hour,10.21 kg/gal,12.00 gal/hr,81.6,gal,5.74,USD / gal,444.72,833.14,kg,187.57,USD
2022-06-09T00:00:00.000Z,Pump_18,9.9,hour,10.21 kg/gal,12.00 gal/hr,118.8,gal,5.74,USD / gal,671.22,1212.95,kg,232.87,USD
2022-06-09T00:00:00.000Z,Pump_19,8.4,hour,10.21 kg/gal,12.00 gal/hr,100.8,gal,5.74,USD / gal,579.6,1029.17,kg,214.55,USD
2022-06-09T00:00:00.000Z,Pump_20,9.5,hour,10.21 kg/gal,12.00 gal/hr,114,gal,5.74,USD / gal,664.62,1163.94,kg,231.55,USD
2022-06-10T00:00:00.000Z,Pump_1,5,hour,10.21 kg/gal,15.06 gal/hr,75.3,gal,5.76,USD / gal,440.51,768.81,kg,186.73,USD
2022-06-10T00:00:00.000Z,Pump_2,9.3,hour,10.21 kg/gal,15.06 gal/hr,140.06,gal,5.76,USD / gal,785.73,1429.99,kg,255.78,USD
2022-06-10T00:00:00.000Z,Pump_3,8,hour,10.21 kg/gal,15.06 gal/hr,120.48,gal,5.76,USD / gal,696.37,1230.1,kg,237.9,USD
2022-06-10T00:00:00.000Z,Pump_4,9.5,hour,10.21 kg/gal,15.06 gal/hr,143.07,gal,5.76,USD / gal,776.87,1460.74,kg,254,USD
2022-06-10T00:00:00.000Z,Pump_5,6.9,hour,10.21 kg/gal,15.06 gal/hr,103.91,gal,5.76,USD / gal,587.11,1060.96,kg,216.05,USD
2022-06-10T00:00:00.000Z,Pump_6,7.8,hour,10.21 kg/gal,15.06 gal/hr,117.47,gal,5.76,USD / gal,633.15,1199.35,kg,225.26,USD
2022-06-10T00:00:00.000Z,Pump_7,7.3,hour,10.21 kg/gal,15.06 gal/hr,109.94,gal,5.76,USD / gal,591.47,1122.47,kg,216.92,USD
2022-06-10T00:00:00.000Z,Pump_8,12.3,hour,10.21 kg/gal,15.06 gal/hr,185.24,gal,5.76,USD / gal,1044.74,1891.28,kg,307.58,USD
2022-06-10T00:00:00.000Z,Pump_9,6.9,hour,10.21 kg/gal,15.06 gal/hr,103.91,gal,5.76,USD / gal,562.17,1060.96,kg,211.06,USD
2022-06-10T00:00:00.000Z,Pump_10,9.5,hour,10.21 kg/gal,12.00 gal/hr,114,gal,5.76,USD / gal,661.2,1163.94,kg,230.87,USD
2022-06-10T00:00:00.000Z,Pump_11,9.8,hour,10.21 kg/gal,12.00 gal/hr,117.6,gal,5.76,USD / gal,683.26,1200.7,kg,235.28,USD
2022-06-10T00:00:00.000Z,Pump_12,10.3,hour,10.21 kg/gal,12.00 gal/hr,123.6,gal,5.76,USD / gal,671.15,1261.96,kg,232.86,USD
2022-06-10T00:00:00.000Z,Pump_13,6.6,hour,10.21 kg/gal,12.00 gal/hr,79.2,gal,5.76,USD / gal,432.43,808.63,kg,185.12,USD
2022-06-10T00:00:00.000Z,Pump_14,8.9,hour,10.21 kg/gal,12.00 gal/hr,106.8,gal,5.76,USD / gal,593.81,1090.43,kg,217.39,USD
2022-06-10T00:00:00.000Z,Pump_15,9.3,hour,10.21 kg/gal,12.00 gal/hr,111.6,gal,5.76,USD / gal,638.35,1139.44,kg,226.3,USD
2022-06-10T00:00:00.000Z,Pump_16,10.9,hour,10.21 kg/gal,12.00 gal/hr,130.8,gal,5.76,USD / gal,729.86,1335.47,kg,244.6,USD
2022-06-10T00:00:00.000Z,Pump_17,6.5,hour,10.21 kg/gal,12.00 gal/hr,78,gal,5.76,USD / gal,417.3,796.38,kg,182.09,USD
2022-06-10T00:00:00.000Z,Pump_18,6.5,hour,10.21 kg/gal,12.00 gal/hr,78,gal,5.76,USD / gal,453.18,796.38,kg,189.27,USD
2022-06-10T00:00:00.000Z,Pump_19,8.5,hour,10.21 kg/gal,12.00 gal/hr,102,gal,5.76,USD / gal,552.84,1041.42,kg,209.2,USD
2022-06-10T00:00:00.000Z,Pump_20,10.5,hour,10.21 kg/gal,12.00 gal/hr,126,gal,5.76,USD / gal,713.16,1286.46,kg,241.26,USD
2022-06-11T00:00:00.000Z,Pump_1,5.5,hour,10.21 kg/gal,15.06 gal/hr,82.83,gal,5.75,USD / gal,471.3,845.69,kg,192.89,USD
2022-06-11T00:00:00.000Z,Pump_2,6.2,hour,10.21 kg/gal,15.06 gal/hr,93.37,gal,5.75,USD / gal,542.49,953.33,kg,207.13,USD
2022-06-11T00:00:00.000Z,Pump_3,9,hour,10.21 kg/gal,15.06 gal/hr,135.54,gal,5.75,USD / gal,737.34,1383.86,kg,246.1,USD
2022-06-11T00:00:00.000Z,Pump_4,10,hour,10.21 kg/gal,15.06 gal/hr,150.6,gal,5.75,USD / gal,816.25,1537.63,kg,261.88,USD
2022-06-11T00:00:00.000Z,Pump_5,7,hour,10.21 kg/gal,15.06 gal/hr,105.42,gal,5.75,USD / gal,584.03,1076.34,kg,215.44,USD
2022-06-11T00:00:00.000Z,Pump_6,7.4,hour,10.21 kg/gal,15.06 gal/hr,111.44,gal,5.75,USD / gal,625.2,1137.84,kg,223.67,USD
2022-06-11T00:00:00.000Z,Pump_7,8.9,hour,10.21 kg/gal,15.06 gal/hr,134.03,gal,5.75,USD / gal,746.57,1368.49,kg,247.94,USD
2022-06-11T00:00:00.000Z,Pump_8,7.6,hour,10.21 kg/gal,15.06 gal/hr,114.46,gal,5.75,USD / gal,639.81,1168.6,kg,226.59,USD
2022-06-11T00:00:00.000Z,Pump_9,9.8,hour,10.21 kg/gal,15.06 gal/hr,147.59,gal,5.75,USD / gal,791.07,1506.87,kg,256.84,USD
2022-06-11T00:00:00.000Z,Pump_10,8.4,hour,10.21 kg/gal,12.00 gal/hr,100.8,gal,5.75,USD / gal,564.48,1029.17,kg,211.53,USD
2022-06-11T00:00:00.000Z,Pump_11,8.1,hour,10.21 kg/gal,12.00 gal/hr,97.2,gal,5.75,USD / gal,540.43,992.41,kg,206.72,USD
2022-06-11T00:00:00.000Z,Pump_12,9.9,hour,10.21 kg/gal,12.00 gal/hr,118.8,gal,5.75,USD / gal,686.66,1212.95,kg,235.96,USD
2022-06-11T00:00:00.000Z,Pump_13,7.4,hour,10.21 kg/gal,12.00 gal/hr,88.8,gal,5.75,USD / gal,489.29,906.65,kg,196.49,USD
2022-06-11T00:00:00.000Z,Pump_14,8.7,hour,10.21 kg/gal,12.00 gal/hr,104.4,gal,5.75,USD / gal,610.74,1065.92,kg,220.78,USD
2022-06-11T00:00:00.000Z,Pump_15,10.4,hour,10.21 kg/gal,12.00 gal/hr,124.8,gal,5.75,USD / gal,725.09,1274.21,kg,243.65,USD
2022-06-11T00:00:00.000Z,Pump_16,8.4,hour,10.21 kg/gal,12.00 gal/hr,100.8,gal,5.75,USD / gal,560.45,1029.17,kg,210.72,USD
2022-06-11T00:00:00.000Z,Pump_17,9,hour,10.21 kg/gal,12.00 gal/hr,108,gal,5.75,USD / gal,618.84,1102.68,kg,222.4,USD
2022-06-11T00:00:00.000Z,Pump_18,9.1,hour,10.21 kg/gal,12.00 gal/hr,109.2,gal,5.75,USD / gal,587.5,1114.93,kg,216.13,USD
2022-06-11T00:00:00.000Z,Pump_19,9.4,hour,10.21 kg/gal,12.00 gal/hr,112.8,gal,5.75,USD / gal,617.02,1151.69,kg,222.03,USD
2022-06-11T00:00:00.000Z,Pump_20,9.8,hour,10.21 kg/gal,12.00 gal/hr,117.6,gal,5.75,USD / gal,655.03,1200.7,kg,229.64,USD
2022-06-12T00:00:00.000Z,Pump_1,7.9,hour,10.21 kg/gal,15.06 gal/hr,118.97,gal,5.6,USD / gal,673.39,1214.72,kg,233.31,USD
2022-06-12T00:00:00.000Z,Pump_2,8.1,hour,10.21 kg/gal,15.06 gal/hr,121.99,gal,5.6,USD / gal,655.06,1245.48,kg,229.64,USD
2022-06-12T00:00:00.000Z,Pump_3,9.5,hour,10.21 kg/gal,15.06 gal/hr,143.07,gal,5.6,USD / gal,805.48,1460.74,kg,259.73,USD
2022-06-12T00:00:00.000Z,Pump_4,9.5,hour,10.21 kg/gal,15.06 gal/hr,143.07,gal,5.6,USD / gal,841.25,1460.74,kg,266.88,USD
2022-06-12T00:00:00.000Z,Pump_5,6.5,hour,10.21 kg/gal,15.06 gal/hr,97.89,gal,5.6,USD / gal,564.83,999.46,kg,211.6,USD
2022-06-12T00:00:00.000Z,Pump_6,8.7,hour,10.21 kg/gal,15.06 gal/hr,131.02,gal,5.6,USD / gal,750.76,1337.73,kg,248.78,USD
2022-06-12T00:00:00.000Z,Pump_7,10,hour,10.21 kg/gal,15.06 gal/hr,150.6,gal,5.6,USD / gal,832.82,1537.63,kg,265.19,USD
2022-06-12T00:00:00.000Z,Pump_8,8.2,hour,10.21 kg/gal,15.06 gal/hr,123.49,gal,5.6,USD / gal,708.84,1260.85,kg,240.4,USD
2022-06-12T00:00:00.000Z,Pump_9,7.2,hour,10.21 kg/gal,15.06 gal/hr,108.43,gal,5.6,USD / gal,593.12,1107.09,kg,217.25,USD
2022-06-12T00:00:00.000Z,Pump_10,8.5,hour,10.21 kg/gal,12.00 gal/hr,102,gal,5.6,USD / gal,591.6,1041.42,kg,216.95,USD
2022-06-12T00:00:00.000Z,Pump_11,8.2,hour,10.21 kg/gal,12.00 gal/hr,98.4,gal,5.6,USD / gal,574.66,1004.66,kg,213.56,USD
2022-06-12T00:00:00.000Z,Pump_12,9.6,hour,10.21 kg/gal,12.00 gal/hr,115.2,gal,5.6,USD / gal,631.3,1176.19,kg,224.89,USD
2022-06-12T00:00:00.000Z,Pump_13,6.7,hour,10.21 kg/gal,12.00 gal/hr,80.4,gal,5.6,USD / gal,460.69,820.88,kg,190.77,USD
2022-06-12T00:00:00.000Z,Pump_14,7.5,hour,10.21 kg/gal,12.00 gal/hr,90,gal,5.6,USD / gal,514.8,918.9,kg,201.59,USD
2022-06-12T00:00:00.000Z,Pump_15,7.7,hour,10.21 kg/gal,12.00 gal/hr,92.4,gal,5.6,USD / gal,498.96,943.4,kg,198.42,USD
2022-06-12T00:00:00.000Z,Pump_16,9.8,hour,10.21 kg/gal,12.00 gal/hr,117.6,gal,5.6,USD / gal,649.15,1200.7,kg,228.46,USD
2022-06-12T00:00:00.000Z,Pump_17,7,hour,10.21 kg/gal,12.00 gal/hr,84,gal,5.6,USD / gal,467.88,857.64,kg,192.21,USD
2022-06-12T00:00:00.000Z,Pump_18,8.7,hour,10.21 kg/gal,12.00 gal/hr,104.4,gal,5.6,USD / gal,576.29,1065.92,kg,213.89,USD
2022-06-12T00:00:00.000Z,Pump_19,9.7,hour,10.21 kg/gal,12.00 gal/hr,116.4,gal,5.6,USD / gal,659.99,1188.44,kg,230.63,USD
2022-06-12T00:00:00.000Z,Pump_20,9.5,hour,10.21 kg/gal,12.00 gal/hr,114,gal,5.6,USD / gal,632.7,1163.94,kg,225.17,USD
2022-06-13T00:00:00.000Z,Pump_1,9.5,hour,10.21 kg/gal,15.06 gal/hr,143.07,gal,5.85,USD / gal,801.19,1460.74,kg,258.87,USD
2022-06-13T00:00:00.000Z,Pump_2,9,hour,10.21 kg/gal,15.06 gal/hr,135.54,gal,5.85,USD / gal,794.26,1383.86,kg,257.48,USD
2022-06-13T00:00:00.000Z,Pump_3,8.2,hour,10.21 kg/gal,15.06 gal/hr,123.49,gal,5.85,USD / gal,712.55,1260.85,kg,241.14,USD
2022-06-13T00:00:00.000Z,Pump_4,10.5,hour,10.21 kg/gal,15.06 gal/hr,158.13,gal,5.85,USD / gal,877.62,1614.51,kg,274.15,USD
2022-06-13T00:00:00.000Z,Pump_5,7.4,hour,10.21 kg/gal,15.06 gal/hr,111.44,gal,5.85,USD / gal,607.37,1137.84,kg,220.1,USD
2022-06-13T00:00:00.000Z,Pump_6,8.5,hour,10.21 kg/gal,15.06 gal/hr,128.01,gal,5.85,USD / gal,753.98,1306.98,kg,249.43,USD
2022-06-13T00:00:00.000Z,Pump_7,10.2,hour,10.21 kg/gal,15.06 gal/hr,153.61,gal,5.85,USD / gal,870.98,1568.38,kg,272.83,USD
2022-06-13T00:00:00.000Z,Pump_8,9.7,hour,10.21 kg/gal,15.06 gal/hr,146.08,gal,5.85,USD / gal,816.6,1491.5,kg,261.95,USD
2022-06-13T00:00:00.000Z,Pump_9,9.4,hour,10.21 kg/gal,15.06 gal/hr,141.56,gal,5.85,USD / gal,806.91,1445.37,kg,260.01,USD
2022-06-13T00:00:00.000Z,Pump_10,7.8,hour,10.21 kg/gal,12.00 gal/hr,93.6,gal,5.85,USD / gal,526.97,955.66,kg,204.02,USD
2022-06-13T00:00:00.000Z,Pump_11,8.6,hour,10.21 kg/gal,12.00 gal/hr,103.2,gal,5.85,USD / gal,567.6,1053.67,kg,212.15,USD
2022-06-13T00:00:00.000Z,Pump_12,9.9,hour,10.21 kg/gal,12.00 gal/hr,118.8,gal,5.85,USD / gal,641.52,1212.95,kg,226.93,USD
2022-06-13T00:00:00.000Z,Pump_13,7.5,hour,10.21 kg/gal,12.00 gal/hr,90,gal,5.85,USD / gal,522,918.9,kg,203.03,USD
2022-06-13T00:00:00.000Z,Pump_14,8.9,hour,10.21 kg/gal,12.00 gal/hr,106.8,gal,5.85,USD / gal,585.26,1090.43,kg,215.68,USD
2022-06-13T00:00:00.000Z,Pump_15,9.9,hour,10.21 kg/gal,12.00 gal/hr,118.8,gal,5.85,USD / gal,686.66,1212.95,kg,235.96,USD
2022-06-13T00:00:00.000Z,Pump_16,12,hour,10.21 kg/gal,12.00 gal/hr,144,gal,5.85,USD / gal,838.08,1470.24,kg,266.25,USD
2022-06-13T00:00:00.000Z,Pump_17,8.8,hour,10.21 kg/gal,12.00 gal/hr,105.6,gal,5.85,USD / gal,594.53,1078.18,kg,217.54,USD
2022-06-13T00:00:00.000Z,Pump_18,6.3,hour,10.21 kg/gal,12.00 gal/hr,75.6,gal,5.85,USD / gal,431.68,771.88,kg,184.97,USD
2022-06-13T00:00:00.000Z,Pump_19,9.7,hour,10.21 kg/gal,12.00 gal/hr,116.4,gal,5.85,USD / gal,655.33,1188.44,kg,229.7,USD
2022-06-13T00:00:00.000Z,Pump_20,10.4,hour,10.21 kg/gal,12.00 gal/hr,124.8,gal,5.85,USD / gal,670.18,1274.21,kg,232.67,USD
2022-06-14T00:00:00.000Z,Pump_1,5.2,hour,10.21 kg/gal,15.06 gal/hr,78.31,gal,5.69,USD / gal,449.51,799.57,kg,188.53,USD
2022-06-14T00:00:00.000Z,Pump_2,7.1,hour,10.21 kg/gal,15.06 gal/hr,106.93,gal,5.69,USD / gal,596.65,1091.71,kg,217.96,USD
2022-06-14T00:00:00.000Z,Pump_3,9.4,hour,10.21 kg/gal,15.06 gal/hr,141.56,gal,5.69,USD / gal,791.34,1445.37,kg,256.9,USD
2022-06-14T00:00:00.000Z,Pump_4,9.8,hour,10.21 kg/gal,15.06 gal/hr,147.59,gal,5.69,USD / gal,847.16,1506.87,kg,268.06,USD
2022-06-14T00:00:00.000Z,Pump_5,6.7,hour,10.21 kg/gal,15.06 gal/hr,100.9,gal,5.69,USD / gal,547.9,1030.21,kg,208.21,USD
2022-06-14T00:00:00.000Z,Pump_6,7.3,hour,10.21 kg/gal,15.06 gal/hr,109.94,gal,5.69,USD / gal,642.04,1122.47,kg,227.04,USD
2022-06-14T00:00:00.000Z,Pump_7,7.7,hour,10.21 kg/gal,15.06 gal/hr,115.96,gal,5.69,USD / gal,674.9,1183.97,kg,233.61,USD
2022-06-14T00:00:00.000Z,Pump_8,7.5,hour,10.21 kg/gal,15.06 gal/hr,112.95,gal,5.69,USD / gal,647.2,1153.22,kg,228.07,USD
2022-06-14T00:00:00.000Z,Pump_9,8.1,hour,10.21 kg/gal,15.06 gal/hr,121.99,gal,5.69,USD / gal,717.28,1245.48,kg,242.09,USD
2022-06-14T00:00:00.000Z,Pump_10,9.9,hour,10.21 kg/gal,12.00 gal/hr,118.8,gal,5.69,USD / gal,662.9,1212.95,kg,231.21,USD
2022-06-14T00:00:00.000Z,Pump_11,9.4,hour,10.21 kg/gal,12.00 gal/hr,112.8,gal,5.69,USD / gal,606.86,1151.69,kg,220,USD
2022-06-14T00:00:00.000Z,Pump_12,10,hour,10.21 kg/gal,12.00 gal/hr,120,gal,5.69,USD / gal,690,1225.2,kg,236.63,USD
2022-06-14T00:00:00.000Z,Pump_13,7.3,hour,10.21 kg/gal,12.00 gal/hr,87.6,gal,5.69,USD / gal,504.58,894.4,kg,199.55,USD
2022-06-14T00:00:00.000Z,Pump_14,7.5,hour,10.21 kg/gal,12.00 gal/hr,90,gal,5.69,USD / gal,519.3,918.9,kg,202.49,USD
2022-06-14T00:00:00.000Z,Pump_15,8.9,hour,10.21 kg/gal,12.00 gal/hr,106.8,gal,5.69,USD / gal,613.03,1090.43,kg,221.24,USD
2022-06-14T00:00:00.000Z,Pump_16,8.6,hour,10.21 kg/gal,12.00 gal/hr,103.2,gal,5.69,USD / gal,596.5,1053.67,kg,217.93,USD
2022-06-14T00:00:00.000Z,Pump_17,6,hour,10.21 kg/gal,12.00 gal/hr,72,gal,5.69,USD / gal,391.68,735.12,kg,176.97,USD
2022-06-14T00:00:00.000Z,Pump_18,7.1,hour,10.21 kg/gal,12.00 gal/hr,85.2,gal,5.69,USD / gal,477.97,869.89,kg,194.22,USD
2022-06-14T00:00:00.000Z,Pump_19,8.7,hour,10.21 kg/gal,12.00 gal/hr,104.4,gal,5.69,USD / gal,573.16,1065.92,kg,213.26,USD
2022-06-14T00:00:00.000Z,Pump_20,9.8,hour,10.21 kg/gal,12.00 gal/hr,117.6,gal,5.69,USD / gal,657.38,1200.7,kg,230.11,USD
2022-06-15T00:00:00.000Z,Pump_1,8.4,hour,10.21 kg/gal,15.06 gal/hr,126.5,gal,5.63,USD / gal,719.81,1291.61,kg,242.59,USD
2022-06-15T00:00:00.000Z,Pump_2,6.2,hour,10.21 kg/gal,15.06 gal/hr,93.37,gal,5.63,USD / gal,519.15,953.33,kg,202.46,USD
2022-06-15T00:00:00.000Z,Pump_3,8.5,hour,10.21 kg/gal,15.06 gal/hr,128.01,gal,5.63,USD / gal,688.69,1306.98,kg,236.37,USD
2022-06-15T00:00:00.000Z,Pump_4,10.4,hour,10.21 kg/gal,15.06 gal/hr,156.62,gal,5.63,USD / gal,883.36,1599.13,kg,275.3,USD
2022-06-15T00:00:00.000Z,Pump_5,6.8,hour,10.21 kg/gal,15.06 gal/hr,102.41,gal,5.63,USD / gal,555.05,1045.59,kg,209.64,USD
2022-06-15T00:00:00.000Z,Pump_6,7.6,hour,10.21 kg/gal,15.06 gal/hr,114.46,gal,5.63,USD / gal,636.38,1168.6,kg,225.91,USD
2022-06-15T00:00:00.000Z,Pump_7,7.2,hour,10.21 kg/gal,15.06 gal/hr,108.43,gal,5.63,USD / gal,620.23,1107.09,kg,222.68,USD
2022-06-15T00:00:00.000Z,Pump_8,9.7,hour,10.21 kg/gal,15.06 gal/hr,146.08,gal,5.63,USD / gal,844.35,1491.5,kg,267.5,USD
2022-06-15T00:00:00.000Z,Pump_9,4,hour,10.21 kg/gal,15.06 gal/hr,60.24,gal,5.63,USD / gal,342.77,615.05,kg,167.18,USD
2022-06-15T00:00:00.000Z,Pump_10,9.7,hour,10.21 kg/gal,12.00 gal/hr,116.4,gal,5.63,USD / gal,668.14,1188.44,kg,232.26,USD
2022-06-15T00:00:00.000Z,Pump_11,9.8,hour,10.21 kg/gal,12.00 gal/hr,117.6,gal,5.63,USD / gal,664.44,1200.7,kg,231.52,USD
2022-06-15T00:00:00.000Z,Pump_12,9.9,hour,10.21 kg/gal,12.00 gal/hr,118.8,gal,5.63,USD / gal,636.77,1212.95,kg,225.98,USD
2022-06-15T00:00:00.000Z,Pump_13,7.1,hour,10.21 kg/gal,12.00 gal/hr,85.2,gal,5.63,USD / gal,472.01,869.89,kg,193.03,USD
2022-06-15T00:00:00.000Z,Pump_14,8,hour,10.21 kg/gal,12.00 gal/hr,96,gal,5.63,USD / gal,527.04,980.16,kg,204.04,USD
2022-06-15T00:00:00.000Z,Pump_15,7.2,hour,10.21 kg/gal,12.00 gal/hr,86.4,gal,5.63,USD / gal,476.06,882.14,kg,193.84,USD
2022-06-15T00:00:00.000Z,Pump_16,9.8,hour,10.21 kg/gal,12.00 gal/hr,117.6,gal,5.63,USD / gal,637.39,1200.7,kg,226.11,USD
2022-06-15T00:00:00.000Z,Pump_17,6.4,hour,10.21 kg/gal,12.00 gal/hr,76.8,gal,5.63,USD / gal,444.67,784.13,kg,187.56,USD
2022-06-15T00:00:00.000Z,Pump_18,6.1,hour,10.21 kg/gal,12.00 gal/hr,73.2,gal,5.63,USD / gal,409.19,747.37,kg,180.47,USD
2022-06-15T00:00:00.000Z,Pump_19,9.1,hour,10.21 kg/gal,12.00 gal/hr,109.2,gal,5.63,USD / gal,643.19,1114.93,kg,227.27,USD
2022-06-15T00:00:00.000Z,Pump_20,10,hour,10.21 kg/gal,12.00 gal/hr,120,gal,5.63,USD / gal,656.4,1225.2,kg,229.91,USD
2022-06-16T00:00:00.000Z,Pump_1,9.4,hour,10.21 kg/gal,15.06 gal/hr,141.56,gal,5.52,USD / gal,758.78,1445.37,kg,250.39,USD
2022-06-16T00:00:00.000Z,Pump_2,8.7,hour,10.21 kg/gal,15.06 gal/hr,131.02,gal,5.52,USD / gal,716.69,1337.73,kg,241.97,USD
2022-06-16T00:00:00.000Z,Pump_3,9.4,hour,10.21 kg/gal,15.06 gal/hr,141.56,gal,5.52,USD / gal,794.17,1445.37,kg,257.46,USD
2022-06-16T00:00:00.000Z,Pump_4,10.4,hour,10.21 kg/gal,15.06 gal/hr,156.62,gal,5.52,USD / gal,842.64,1599.13,kg,267.16,USD
2022-06-16T00:00:00.000Z,Pump_5,6.5,hour,10.21 kg/gal,15.06 gal/hr,97.89,gal,5.52,USD / gal,529.58,999.46,kg,204.55,USD
2022-06-16T00:00:00.000Z,Pump_6,8.6,hour,10.21 kg/gal,15.06 gal/hr,129.52,gal,5.52,USD / gal,746.01,1322.36,kg,247.83,USD
2022-06-16T00:00:00.000Z,Pump_7,10.7,hour,10.21 kg/gal,15.06 gal/hr,161.14,gal,5.52,USD / gal,875,1645.26,kg,273.63,USD
2022-06-16T00:00:00.000Z,Pump_8,12.8,hour,10.21 kg/gal,15.06 gal/hr,192.77,gal,5.52,USD / gal,1067.93,1968.16,kg,312.22,USD
2022-06-16T00:00:00.000Z,Pump_9,6.8,hour,10.21 kg/gal,15.06 gal/hr,102.41,gal,5.52,USD / gal,599.09,1045.59,kg,218.45,USD
2022-06-16T00:00:00.000Z,Pump_10,8,hour,10.21 kg/gal,12.00 gal/hr,96,gal,5.52,USD / gal,549.12,980.16,kg,208.45,USD
2022-06-16T00:00:00.000Z,Pump_11,8.7,hour,10.21 kg/gal,12.00 gal/hr,104.4,gal,5.52,USD / gal,590.9,1065.92,kg,216.81,USD
2022-06-16T00:00:00.000Z,Pump_12,10.3,hour,10.21 kg/gal,12.00 gal/hr,123.6,gal,5.52,USD / gal,671.15,1261.96,kg,232.86,USD
2022-06-16T00:00:00.000Z,Pump_13,7.2,hour,10.21 kg/gal,12.00 gal/hr,86.4,gal,5.52,USD / gal,501.12,882.14,kg,198.85,USD
2022-06-16T00:00:00.000Z,Pump_14,7.8,hour,10.21 kg/gal,12.00 gal/hr,93.6,gal,5.52,USD / gal,525.1,955.66,kg,203.65,USD
2022-06-16T00:00:00.000Z,Pump_15,7.3,hour,10.21 kg/gal,12.00 gal/hr,87.6,gal,5.52,USD / gal,484.43,894.4,kg,195.52,USD
2022-06-16T00:00:00.000Z,Pump_16,10.3,hour,10.21 kg/gal,12.00 gal/hr,123.6,gal,5.52,USD / gal,713.17,1261.96,kg,241.26,USD
2022-06-16T00:00:00.000Z,Pump_17,7.1,hour,10.21 kg/gal,12.00 gal/hr,85.2,gal,5.52,USD / gal,481.38,869.89,kg,194.91,USD
2022-06-16T00:00:00.000Z,Pump_18,9.2,hour,10.21 kg/gal,12.00 gal/hr,110.4,gal,5.52,USD / gal,648.05,1127.18,kg,228.24,USD
2022-06-16T00:00:00.000Z,Pump_19,9.8,hour,10.21 kg/gal,12.00 gal/hr,117.6,gal,5.52,USD / gal,650.33,1200.7,kg,228.7,USD
2022-06-16T00:00:00.000Z,Pump_20,10.1,hour,10.21 kg/gal,12.00 gal/hr,121.2,gal,5.52,USD / gal,712.66,1237.45,kg,241.16,USD
2022-06-17T00:00:00.000Z,Pump_1,9.5,hour,10.21 kg/gal,15.06 gal/hr,143.07,gal,5.77,USD / gal,838.39,1460.74,kg,266.31,USD
2022-06-17T00:00:00.000Z,Pump_2,9.7,hour,10.21 kg/gal,15.06 gal/hr,146.08,gal,5.77,USD / gal,796.15,1491.5,kg,257.86,USD
2022-06-17T00:00:00.000Z,Pump_3,9.2,hour,10.21 kg/gal,15.06 gal/hr,138.55,gal,5.77,USD / gal,768.96,1414.62,kg,252.42,USD
2022-06-17T00:00:00.000Z,Pump_4,10.4,hour,10.21 kg/gal,15.06 gal/hr,156.62,gal,5.77,USD / gal,906.85,1599.13,kg,280,USD
2022-06-17T00:00:00.000Z,Pump_5,6.8,hour,10.21 kg/gal,15.06 gal/hr,102.41,gal,5.77,USD / gal,570.41,1045.59,kg,212.71,USD
2022-06-17T00:00:00.000Z,Pump_6,8.1,hour,10.21 kg/gal,15.06 gal/hr,121.99,gal,5.77,USD / gal,674.58,1245.48,kg,233.55,USD
2022-06-17T00:00:00.000Z,Pump_7,10.7,hour,10.21 kg/gal,15.06 gal/hr,161.14,gal,5.77,USD / gal,905.62,1645.26,kg,279.75,USD
2022-06-17T00:00:00.000Z,Pump_8,11.3,hour,10.21 kg/gal,15.06 gal/hr,170.18,gal,5.77,USD / gal,976.82,1737.52,kg,293.99,USD
2022-06-17T00:00:00.000Z,Pump_9,8.9,hour,10.21 kg/gal,15.06 gal/hr,134.03,gal,5.77,USD / gal,761.31,1368.49,kg,250.89,USD
2022-06-17T00:00:00.000Z,Pump_10,6,hour,10.21 kg/gal,12.00 gal/hr,72,gal,5.77,USD / gal,395.28,735.12,kg,177.69,USD
2022-06-17T00:00:00.000Z,Pump_11,9.8,hour,10.21 kg/gal,12.00 gal/hr,117.6,gal,5.77,USD / gal,665.62,1200.7,kg,231.75,USD
2022-06-17T00:00:00.000Z,Pump_12,9.5,hour,10.21 kg/gal,12.00 gal/hr,114,gal,5.77,USD / gal,611.04,1163.94,kg,220.84,USD
2022-06-17T00:00:00.000Z,Pump_13,7,hour,10.21 kg/gal,12.00 gal/hr,84,gal,5.77,USD / gal,458.64,857.64,kg,190.36,USD
2022-06-17T00:00:00.000Z,Pump_14,7.7,hour,10.21 kg/gal,12.00 gal/hr,92.4,gal,5.77,USD / gal,535.92,943.4,kg,205.81,USD
2022-06-17T00:00:00.000Z,Pump_15,9.7,hour,10.21 kg/gal,12.00 gal/hr,116.4,gal,5.77,USD / gal,625.07,1188.44,kg,223.64,USD
2022-06-17T00:00:00.000Z,Pump_16,11.2,hour,10.21 kg/gal,12.00 gal/hr,134.4,gal,5.77,USD / gal,739.2,1372.22,kg,246.47,USD
2022-06-17T00:00:00.000Z,Pump_17,4.4,hour,10.21 kg/gal,12.00 gal/hr,52.8,gal,5.77,USD / gal,305.71,539.09,kg,159.77,USD
2022-06-17T00:00:00.000Z,Pump_18,8.4,hour,10.21 kg/gal,12.00 gal/hr,100.8,gal,5.77,USD / gal,556.42,1029.17,kg,209.91,USD
2022-06-17T00:00:00.000Z,Pump_19,8.1,hour,10.21 kg/gal,12.00 gal/hr,97.2,gal,5.77,USD / gal,570.56,992.41,kg,212.74,USD
2022-06-17T00:00:00.000Z,Pump_20,10.2,hour,10.21 kg/gal,12.00 gal/hr,122.4,gal,5.77,USD / gal,711.14,1249.7,kg,240.86,USD
2022-06-18T00:00:00.000Z,Pump_1,5.2,hour,10.21 kg/gal,15.06 gal/hr,78.31,gal,5.47,USD / gal,443.25,799.57,kg,187.28,USD
2022-06-18T00:00:00.000Z,Pump_2,8.3,hour,10.21 kg/gal,15.06 gal/hr,125,gal,5.47,USD / gal,732.49,1276.23,kg,245.13,USD
2022-06-18T00:00:00.000Z,Pump_3,9.7,hour,10.21 kg/gal,15.06 gal/hr,146.08,gal,5.47,USD / gal,832.67,1491.5,kg,265.16,USD
2022-06-18T00:00:00.000Z,Pump_4,9.7,hour,10.21 kg/gal,15.06 gal/hr,146.08,gal,5.47,USD / gal,783,1491.5,kg,255.23,USD
2022-06-18T00:00:00.000Z,Pump_5,7.1,hour,10.21 kg/gal,15.06 gal/hr,106.93,gal,5.47,USD / gal,600.92,1091.71,kg,218.81,USD
2022-06-18T00:00:00.000Z,Pump_6,7,hour,10.21 kg/gal,15.06 gal/hr,105.42,gal,5.47,USD / gal,597.73,1076.34,kg,218.18,USD
2022-06-18T00:00:00.000Z,Pump_7,9.4,hour,10.21 kg/gal,15.06 gal/hr,141.56,gal,5.47,USD / gal,758.78,1445.37,kg,250.39,USD
2022-06-18T00:00:00.000Z,Pump_8,12,hour,10.21 kg/gal,15.06 gal/hr,180.72,gal,5.47,USD / gal,1001.19,1845.15,kg,298.87,USD
2022-06-18T00:00:00.000Z,Pump_9,6.9,hour,10.21 kg/gal,15.06 gal/hr,103.91,gal,5.47,USD / gal,582.96,1060.96,kg,215.22,USD
2022-06-18T00:00:00.000Z,Pump_10,8.8,hour,10.21 kg/gal,12.00 gal/hr,105.6,gal,5.47,USD / gal,588.19,1078.18,kg,216.27,USD
2022-06-18T00:00:00.000Z,Pump_11,8.9,hour,10.21 kg/gal,12.00 gal/hr,106.8,gal,5.47,USD / gal,614.1,1090.43,kg,221.45,USD
2022-06-18T00:00:00.000Z,Pump_12,10.5,hour,10.21 kg/gal,12.00 gal/hr,126,gal,5.47,USD / gal,698.04,1286.46,kg,238.24,USD
2022-06-18T00:00:00.000Z,Pump_13,7.4,hour,10.21 kg/gal,12.00 gal/hr,88.8,gal,5.47,USD / gal,499.94,906.65,kg,198.62,USD
2022-06-18T00:00:00.000Z,Pump_14,7.3,hour,10.21 kg/gal,12.00 gal/hr,87.6,gal,5.47,USD / gal,507.2,894.4,kg,200.07,USD
2022-06-18T00:00:00.000Z,Pump_15,9.5,hour,10.21 kg/gal,12.00 gal/hr,114,gal,5.47,USD / gal,655.5,1163.94,kg,229.73,USD
2022-06-18T00:00:00.000Z,Pump_16,9.2,hour,10.21 kg/gal,12.00 gal/hr,110.4,gal,5.47,USD / gal,611.62,1127.18,kg,220.95,USD
2022-06-18T00:00:00.000Z,Pump_17,9.6,hour,10.21 kg/gal,12.00 gal/hr,115.2,gal,5.47,USD / gal,640.51,1176.19,kg,226.73,USD
2022-06-18T00:00:00.000Z,Pump_18,8.7,hour,10.21 kg/gal,12.00 gal/hr,104.4,gal,5.47,USD / gal,608.65,1065.92,kg,220.36,USD
2022-06-18T00:00:00.000Z,Pump_19,9.6,hour,10.21 kg/gal,12.00 gal/hr,115.2,gal,5.47,USD / gal,669.31,1176.19,kg,232.49,USD
2022-06-18T00:00:00.000Z,Pump_20,10.2,hour,10.21 kg/gal,12.00 gal/hr,122.4,gal,5.47,USD / gal,676.87,1249.7,kg,234,USD
2022-06-19T00:00:00.000Z,Pump_1,7.1,hour,10.21 kg/gal,15.06 gal/hr,106.93,gal,5.51,USD / gal,616.96,1091.71,kg,222.02,USD
2022-06-19T00:00:00.000Z,Pump_2,6.2,hour,10.21 kg/gal,15.06 gal/hr,93.37,gal,5.51,USD / gal,545.29,953.33,kg,207.69,USD
2022-06-19T00:00:00.000Z,Pump_3,9.4,hour,10.21 kg/gal,15.06 gal/hr,141.56,gal,5.51,USD / gal,813.99,1445.37,kg,261.43,USD
2022-06-19T00:00:00.000Z,Pump_4,10,hour,10.21 kg/gal,15.06 gal/hr,150.6,gal,5.51,USD / gal,867.46,1537.63,kg,272.12,USD
2022-06-19T00:00:00.000Z,Pump_5,7.4,hour,10.21 kg/gal,15.06 gal/hr,111.44,gal,5.51,USD / gal,626.32,1137.84,kg,223.89,USD
2022-06-19T00:00:00.000Z,Pump_6,8.1,hour,10.21 kg/gal,15.06 gal/hr,121.99,gal,5.51,USD / gal,697.76,1245.48,kg,238.18,USD
2022-06-19T00:00:00.000Z,Pump_7,8.3,hour,10.21 kg/gal,15.06 gal/hr,125,gal,5.51,USD / gal,689.99,1276.23,kg,236.63,USD
2022-06-19T00:00:00.000Z,Pump_8,12.5,hour,10.21 kg/gal,15.06 gal/hr,188.25,gal,5.51,USD / gal,1095.62,1922.03,kg,317.75,USD
2022-06-19T00:00:00.000Z,Pump_9,5.9,hour,10.21 kg/gal,15.06 gal/hr,88.85,gal,5.51,USD / gal,484.25,907.2,kg,195.48,USD
2022-06-19T00:00:00.000Z,Pump_10,9.9,hour,10.21 kg/gal,12.00 gal/hr,118.8,gal,5.51,USD / gal,658.15,1212.95,kg,230.26,USD
2022-06-19T00:00:00.000Z,Pump_11,8.8,hour,10.21 kg/gal,12.00 gal/hr,105.6,gal,5.51,USD / gal,566.02,1078.18,kg,211.83,USD
2022-06-19T00:00:00.000Z,Pump_12,9.7,hour,10.21 kg/gal,12.00 gal/hr,116.4,gal,5.51,USD / gal,635.54,1188.44,kg,225.74,USD
2022-06-19T00:00:00.000Z,Pump_13,7,hour,10.21 kg/gal,12.00 gal/hr,84,gal,5.51,USD / gal,462,857.64,kg,191.03,USD
2022-06-19T00:00:00.000Z,Pump_14,7.6,hour,10.21 kg/gal,12.00 gal/hr,91.2,gal,5.51,USD / gal,510.72,931.15,kg,200.77,USD
2022-06-19T00:00:00.000Z,Pump_15,7.6,hour,10.21 kg/gal,12.00 gal/hr,91.2,gal,5.51,USD / gal,528.96,931.15,kg,204.42,USD
2022-06-19T00:00:00.000Z,Pump_16,7.9,hour,10.21 kg/gal,12.00 gal/hr,94.8,gal,5.51,USD / gal,543.2,967.91,kg,207.27,USD
2022-06-19T00:00:00.000Z,Pump_17,8,hour,10.21 kg/gal,12.00 gal/hr,96,gal,5.51,USD / gal,563.52,980.16,kg,211.33,USD
2022-06-19T00:00:00.000Z,Pump_18,7.9,hour,10.21 kg/gal,12.00 gal/hr,94.8,gal,5.51,USD / gal,516.66,967.91,kg,201.96,USD
2022-06-19T00:00:00.000Z,Pump_19,8.5,hour,10.21 kg/gal,12.00 gal/hr,102,gal,5.51,USD / gal,595.68,1041.42,kg,217.77,USD
2022-06-19T00:00:00.000Z,Pump_20,10.3,hour,10.21 kg/gal,12.00 gal/hr,123.6,gal,5.51,USD / gal,676.09,1261.96,kg,233.85,USD
2022-06-20T00:00:00.000Z,Pump_1,9,hour,10.21 kg/gal,15.06 gal/hr,135.54,gal,5.49,USD / gal,727.85,1383.86,kg,244.2,USD
2022-06-20T00:00:00.000Z,Pump_2,6.1,hour,10.21 kg/gal,15.06 gal/hr,91.87,gal,5.49,USD / gal,521.8,937.95,kg,202.99,USD
2022-06-20T00:00:00.000Z,Pump_3,9.8,hour,10.21 kg/gal,15.06 gal/hr,147.59,gal,5.49,USD / gal,826.49,1506.87,kg,263.93,USD
2022-06-20T00:00:00.000Z,Pump_4,9.6,hour,10.21 kg/gal,15.06 gal/hr,144.58,gal,5.49,USD / gal,821.19,1476.12,kg,262.87,USD
2022-06-20T00:00:00.000Z,Pump_5,6.7,hour,10.21 kg/gal,15.06 gal/hr,100.9,gal,5.49,USD / gal,562.02,1030.21,kg,211.03,USD
2022-06-20T00:00:00.000Z,Pump_6,7.6,hour,10.21 kg/gal,15.06 gal/hr,114.46,gal,5.49,USD / gal,669.57,1168.6,kg,232.54,USD
2022-06-20T00:00:00.000Z,Pump_7,10.5,hour,10.21 kg/gal,15.06 gal/hr,158.13,gal,5.49,USD / gal,882.37,1614.51,kg,275.1,USD
2022-06-20T00:00:00.000Z,Pump_8,8.6,hour,10.21 kg/gal,15.06 gal/hr,129.52,gal,5.49,USD / gal,705.86,1322.36,kg,239.8,USD
2022-06-20T00:00:00.000Z,Pump_9,7,hour,10.21 kg/gal,15.06 gal/hr,105.42,gal,5.49,USD / gal,610.38,1076.34,kg,220.71,USD
2022-06-20T00:00:00.000Z,Pump_10,8.4,hour,10.21 kg/gal,12.00 gal/hr,100.8,gal,5.49,USD / gal,575.57,1029.17,kg,213.74,USD
2022-06-20T00:00:00.000Z,Pump_11,9.5,hour,10.21 kg/gal,12.00 gal/hr,114,gal,5.49,USD / gal,628.14,1163.94,kg,224.26,USD
2022-06-20T00:00:00.000Z,Pump_12,9.8,hour,10.21 kg/gal,12.00 gal/hr,117.6,gal,5.49,USD / gal,675.02,1200.7,kg,233.63,USD
2022-06-20T00:00:00.000Z,Pump_13,6.7,hour,10.21 kg/gal,12.00 gal/hr,80.4,gal,5.49,USD / gal,439.79,820.88,kg,186.59,USD
2022-06-20T00:00:00.000Z,Pump_14,7.8,hour,10.21 kg/gal,12.00 gal/hr,93.6,gal,5.49,USD / gal,536.33,955.66,kg,205.9,USD
2022-06-20T00:00:00.000Z,Pump_15,7.9,hour,10.21 kg/gal,12.00 gal/hr,94.8,gal,5.49,USD / gal,520.45,967.91,kg,202.72,USD
2022-06-20T00:00:00.000Z,Pump_16,7.1,hour,10.21 kg/gal,12.00 gal/hr,85.2,gal,5.49,USD / gal,467.75,869.89,kg,192.18,USD
2022-06-20T00:00:00.000Z,Pump_17,6.9,hour,10.21 kg/gal,12.00 gal/hr,82.8,gal,5.49,USD / gal,447.12,845.39,kg,188.05,USD
2022-06-20T00:00:00.000Z,Pump_18,8.2,hour,10.21 kg/gal,12.00 gal/hr,98.4,gal,5.49,USD / gal,557.93,1004.66,kg,210.22,USD
2022-06-20T00:00:00.000Z,Pump_19,8.8,hour,10.21 kg/gal,12.00 gal/hr,105.6,gal,5.49,USD / gal,597.7,1078.18,kg,218.17,USD
2022-06-20T00:00:00.000Z,Pump_20,10.2,hour,10.21 kg/gal,12.00 gal/hr,122.4,gal,5.49,USD / gal,662.18,1249.7,kg,231.07,USD
2022-06-21T00:00:00.000Z,Pump_1,9.3,hour,10.21 kg/gal,15.06 gal/hr,140.06,gal,5.67,USD / gal,777.32,1429.99,kg,254.09,USD
2022-06-21T00:00:00.000Z,Pump_2,7.7,hour,10.21 kg/gal,15.06 gal/hr,115.96,gal,5.67,USD / gal,671.42,1183.97,kg,232.91,USD
2022-06-21T00:00:00.000Z,Pump_3,9.4,hour,10.21 kg/gal,15.06 gal/hr,141.56,gal,5.67,USD / gal,811.16,1445.37,kg,260.86,USD
2022-06-21T00:00:00.000Z,Pump_4,10,hour,10.21 kg/gal,15.06 gal/hr,150.6,gal,5.67,USD / gal,882.52,1537.63,kg,275.13,USD
2022-06-21T00:00:00.000Z,Pump_5,7.1,hour,10.21 kg/gal,15.06 gal/hr,106.93,gal,5.67,USD / gal,577.4,1091.71,kg,214.11,USD
2022-06-21T00:00:00.000Z,Pump_6,9,hour,10.21 kg/gal,15.06 gal/hr,135.54,gal,5.67,USD / gal,772.58,1383.86,kg,253.15,USD
2022-06-21T00:00:00.000Z,Pump_7,11,hour,10.21 kg/gal,15.06 gal/hr,165.66,gal,5.67,USD / gal,954.2,1691.39,kg,289.47,USD
2022-06-21T00:00:00.000Z,Pump_8,7.8,hour,10.21 kg/gal,15.06 gal/hr,117.47,gal,5.67,USD / gal,688.36,1199.35,kg,236.3,USD
2022-06-21T00:00:00.000Z,Pump_9,6.9,hour,10.21 kg/gal,15.06 gal/hr,103.91,gal,5.67,USD / gal,569.45,1060.96,kg,212.52,USD
2022-06-21T00:00:00.000Z,Pump_10,8.1,hour,10.21 kg/gal,12.00 gal/hr,97.2,gal,5.67,USD / gal,529.74,992.41,kg,204.58,USD
2022-06-21T00:00:00.000Z,Pump_11,9.4,hour,10.21 kg/gal,12.00 gal/hr,112.8,gal,5.67,USD / gal,637.32,1151.69,kg,226.09,USD
2022-06-21T00:00:00.000Z,Pump_12,10.5,hour,10.21 kg/gal,12.00 gal/hr,126,gal,5.67,USD / gal,737.1,1286.46,kg,246.05,USD
2022-06-21T00:00:00.000Z,Pump_13,6.8,hour,10.21 kg/gal,12.00 gal/hr,81.6,gal,5.67,USD / gal,452.06,833.14,kg,189.04,USD
2022-06-21T00:00:00.000Z,Pump_14,7.1,hour,10.21 kg/gal,12.00 gal/hr,85.2,gal,5.67,USD / gal,480.53,869.89,kg,194.74,USD
2022-06-21T00:00:00.000Z,Pump_15,7.8,hour,10.21 kg/gal,12.00 gal/hr,93.6,gal,5.67,USD / gal,521.35,955.66,kg,202.9,USD
2022-06-21T00:00:00.000Z,Pump_16,10.6,hour,10.21 kg/gal,12.00 gal/hr,127.2,gal,5.67,USD / gal,722.5,1298.71,kg,243.13,USD
2022-06-21T00:00:00.000Z,Pump_17,5.3,hour,10.21 kg/gal,12.00 gal/hr,63.6,gal,5.67,USD / gal,352.98,649.36,kg,169.23,USD
2022-06-21T00:00:00.000Z,Pump_18,9.7,hour,10.21 kg/gal,12.00 gal/hr,116.4,gal,5.67,USD / gal,639.04,1188.44,kg,226.44,USD
2022-06-21T00:00:00.000Z,Pump_19,8.4,hour,10.21 kg/gal,12.00 gal/hr,100.8,gal,5.67,USD / gal,582.62,1029.17,kg,215.15,USD
2022-06-21T00:00:00.000Z,Pump_20,9.6,hour,10.21 kg/gal,12.00 gal/hr,115.2,gal,5.67,USD / gal,675.07,1176.19,kg,233.64,USD
2022-06-22T00:00:00.000Z,Pump_1,0,hour,10.21 kg/gal,15.06 gal/hr,0,gal,5.77,USD / gal,0,0,kg,98.63,USD
2022-06-22T00:00:00.000Z,Pump_2,0,hour,10.21 kg/gal,15.06 gal/hr,0,gal,5.77,USD / gal,0,0,kg,98.63,USD
2022-06-22T00:00:00.000Z,Pump_3,0,hour,10.21 kg/gal,15.06 gal/hr,0,gal,5.77,USD / gal,0,0,kg,98.63,USD
2022-06-22T00:00:00.000Z,Pump_4,0,hour,10.21 kg/gal,15.06 gal/hr,0,gal,5.77,USD / gal,0,0,kg,98.63,USD
2022-06-22T00:00:00.000Z,Pump_5,0,hour,10.21 kg/gal,15.06 gal/hr,0,gal,5.77,USD / gal,0,0,kg,98.63,USD
2022-06-22T00:00:00.000Z,Pump_6,0,hour,10.21 kg/gal,15.06 gal/hr,0,gal,5.77,USD / gal,0,0,kg,98.63,USD
2022-06-22T00:00:00.000Z,Pump_7,0,hour,10.21 kg/gal,15.06 gal/hr,0,gal,5.77,USD / gal,0,0,kg,98.63,USD
2022-06-22T00:00:00.000Z,Pump_8,0,hour,10.21 kg/gal,15.06 gal/hr,0,gal,5.77,USD / gal,0,0,kg,98.63,USD
2022-06-22T00:00:00.000Z,Pump_9,0,hour,10.21 kg/gal,15.06 gal/hr,0,gal,5.77,USD / gal,0,0,kg,98.63,USD
2022-06-22T00:00:00.000Z,Pump_10,0,hour,10.21 kg/gal,12.00 gal/hr,0,gal,5.77,USD / gal,0,0,kg,98.63,USD
2022-06-22T00:00:00.000Z,Pump_11,0,hour,10.21 kg/gal,12.00 gal/hr,0,gal,5.77,USD / gal,0,0,kg,98.63,USD
2022-06-22T00:00:00.000Z,Pump_12,0,hour,10.21 kg/gal,12.00 gal/hr,0,gal,5.77,USD / gal,0,0,kg,98.63,USD
2022-06-22T00:00:00.000Z,Pump_13,0,hour,10.21 kg/gal,12.00 gal/hr,0,gal,5.77,USD / gal,0,0,kg,98.63,USD
2022-06-22T00:00:00.000Z,Pump_14,0,hour,10.21 kg/gal,12.00 gal/hr,0,gal,5.77,USD / gal,0,0,kg,98.63,USD
2022-06-22T00:00:00.000Z,Pump_15,0,hour,10.21 kg/gal,12.00 gal/hr,0,gal,5.77,USD / gal,0,0,kg,98.63,USD
2022-06-22T00:00:00.000Z,Pump_16,0,hour,10.21 kg/gal,12.00 gal/hr,0,gal,5.77,USD / gal,0,0,kg,98.63,USD
2022-06-22T00:00:00.000Z,Pump_17,0,hour,10.21 kg/gal,12.00 gal/hr,0,gal,5.77,USD / gal,0,0,kg,98.63,USD
2022-06-22T00:00:00.000Z,Pump_18,0,hour,10.21 kg/gal,12.00 gal/hr,0,gal,5.77,USD / gal,0,0,kg,98.63,USD
2022-06-22T00:00:00.000Z,Pump_19,0,hour,10.21 kg/gal,12.00 gal/hr,0,gal,5.77,USD / gal,0,0,kg,98.63,USD
2022-06-22T00:00:00.000Z,Pump_20,0,hour,10.21 kg/gal,12.00 gal/hr,0,gal,5.77,USD / gal,0,0,kg,98.63,USD
2022-06-23T00:00:00.000Z,Pump_1,3,hour,10.21 kg/gal,15.06 gal/hr,45.18,gal,5.45,USD / gal,253.01,461.29,kg,149.23,USD
2022-06-23T00:00:00.000Z,Pump_2,4.3,hour,10.21 kg/gal,15.06 gal/hr,64.76,gal,5.45,USD / gal,349.05,661.18,kg,168.44,USD
2022-06-23T00:00:00.000Z,Pump_3,4,hour,10.21 kg/gal,15.06 gal/hr,60.24,gal,5.45,USD / gal,324.09,615.05,kg,163.45,USD
2022-06-23T00:00:00.000Z,Pump_4,4.95,hour,10.21 kg/gal,15.06 gal/hr,74.55,gal,5.45,USD / gal,418.21,761.12,kg,182.27,USD
2022-06-23T00:00:00.000Z,Pump_5,3.7,hour,10.21 kg/gal,15.06 gal/hr,55.72,gal,5.45,USD / gal,307.59,568.92,kg,160.15,USD
2022-06-23T00:00:00.000Z,Pump_6,4.25,hour,10.21 kg/gal,15.06 gal/hr,64.01,gal,5.45,USD / gal,374.43,653.49,kg,173.52,USD
2022-06-23T00:00:00.000Z,Pump_7,4.75,hour,10.21 kg/gal,15.06 gal/hr,71.54,gal,5.45,USD / gal,384.86,730.37,kg,175.6,USD
2022-06-23T00:00:00.000Z,Pump_8,3.85,hour,10.21 kg/gal,15.06 gal/hr,57.98,gal,5.45,USD / gal,330.49,591.99,kg,164.73,USD
2022-06-23T00:00:00.000Z,Pump_9,2.6,hour,10.21 kg/gal,15.06 gal/hr,39.16,gal,5.45,USD / gal,227.5,399.78,kg,144.13,USD
2022-06-23T00:00:00.000Z,Pump_10,4.25,hour,10.21 kg/gal,12.00 gal/hr,51,gal,5.45,USD / gal,295.29,520.71,kg,157.69,USD
2022-06-23T00:00:00.000Z,Pump_11,4.65,hour,10.21 kg/gal,12.00 gal/hr,55.8,gal,5.45,USD / gal,314.71,569.72,kg,161.57,USD
2022-06-23T00:00:00.000Z,Pump_12,4.95,hour,10.21 kg/gal,12.00 gal/hr,59.4,gal,5.45,USD / gal,317.79,606.47,kg,162.19,USD
2022-06-23T00:00:00.000Z,Pump_13,3.25,hour,10.21 kg/gal,12.00 gal/hr,39,gal,5.45,USD / gal,212.94,398.19,kg,141.22,USD
2022-06-23T00:00:00.000Z,Pump_14,3.65,hour,10.21 kg/gal,12.00 gal/hr,43.8,gal,5.45,USD / gal,237.4,447.2,kg,146.11,USD
2022-06-23T00:00:00.000Z,Pump_15,4.15,hour,10.21 kg/gal,12.00 gal/hr,49.8,gal,5.45,USD / gal,270.91,508.46,kg,152.81,USD
2022-06-23T00:00:00.000Z,Pump_16,6.4,hour,10.21 kg/gal,12.00 gal/hr,76.8,gal,5.45,USD / gal,430.85,784.13,kg,184.8,USD
2022-06-23T00:00:00.000Z,Pump_17,4.7,hour,10.21 kg/gal,12.00 gal/hr,56.4,gal,5.45,USD / gal,322.04,575.84,kg,163.04,USD
2022-06-23T00:00:00.000Z,Pump_18,3,hour,10.21 kg/gal,12.00 gal/hr,36,gal,5.45,USD / gal,194.76,367.56,kg,137.58,USD
2022-06-23T00:00:00.000Z,Pump_19,4.8,hour,10.21 kg/gal,12.00 gal/hr,57.6,gal,5.45,USD / gal,319.68,588.1,kg,162.57,USD
2022-06-23T00:00:00.000Z,Pump_20,4.9,hour,10.21 kg/gal,12.00 gal/hr,58.8,gal,5.45,USD / gal,317.52,600.35,kg,162.13,USD
2022-06-24T00:00:00.000Z,Pump_1,6.2,hour,10.21 kg/gal,15.06 gal/hr,93.37,gal,5.64,USD / gal,538.76,953.33,kg,206.38,USD
2022-06-24T00:00:00.000Z,Pump_2,8,hour,10.21 kg/gal,15.06 gal/hr,120.48,gal,5.64,USD / gal,689.15,1230.1,kg,236.46,USD
2022-06-24T00:00:00.000Z,Pump_3,9.1,hour,10.21 kg/gal,15.06 gal/hr,137.05,gal,5.64,USD / gal,796.24,1399.24,kg,257.88,USD
2022-06-24T00:00:00.000Z,Pump_4,10,hour,10.21 kg/gal,15.06 gal/hr,150.6,gal,5.64,USD / gal,835.83,1537.63,kg,265.8,USD
2022-06-24T00:00:00.000Z,Pump_5,6.6,hour,10.21 kg/gal,15.06 gal/hr,99.4,gal,5.64,USD / gal,567.55,1014.83,kg,212.14,USD
2022-06-24T00:00:00.000Z,Pump_6,8.2,hour,10.21 kg/gal,15.06 gal/hr,123.49,gal,5.64,USD / gal,708.84,1260.85,kg,240.4,USD
2022-06-24T00:00:00.000Z,Pump_7,9,hour,10.21 kg/gal,15.06 gal/hr,135.54,gal,5.64,USD / gal,744.11,1383.86,kg,247.45,USD
2022-06-24T00:00:00.000Z,Pump_8,8.6,hour,10.21 kg/gal,15.06 gal/hr,129.52,gal,5.64,USD / gal,749.9,1322.36,kg,248.61,USD
2022-06-24T00:00:00.000Z,Pump_9,5.6,hour,10.21 kg/gal,15.06 gal/hr,84.34,gal,5.64,USD / gal,478.19,861.07,kg,194.27,USD
2022-06-24T00:00:00.000Z,Pump_10,6.6,hour,10.21 kg/gal,12.00 gal/hr,79.2,gal,5.64,USD / gal,449.06,808.63,kg,188.44,USD
2022-06-24T00:00:00.000Z,Pump_11,9.5,hour,10.21 kg/gal,12.00 gal/hr,114,gal,5.64,USD / gal,654.36,1163.94,kg,229.5,USD
2022-06-24T00:00:00.000Z,Pump_12,10,hour,10.21 kg/gal,12.00 gal/hr,120,gal,5.64,USD / gal,654,1225.2,kg,229.43,USD
2022-06-24T00:00:00.000Z,Pump_13,6.7,hour,10.21 kg/gal,12.00 gal/hr,80.4,gal,5.64,USD / gal,458.28,820.88,kg,190.29,USD
2022-06-24T00:00:00.000Z,Pump_14,8.8,hour,10.21 kg/gal,12.00 gal/hr,105.6,gal,5.64,USD / gal,573.41,1078.18,kg,213.31,USD
2022-06-24T00:00:00.000Z,Pump_15,7.3,hour,10.21 kg/gal,12.00 gal/hr,87.6,gal,5.64,USD / gal,493.19,894.4,kg,197.27,USD
2022-06-24T00:00:00.000Z,Pump_16,10.8,hour,10.21 kg/gal,12.00 gal/hr,129.6,gal,5.64,USD / gal,742.61,1323.22,kg,247.15,USD
2022-06-24T00:00:00.000Z,Pump_17,7.3,hour,10.21 kg/gal,12.00 gal/hr,87.6,gal,5.64,USD / gal,474.79,894.4,kg,193.59,USD
2022-06-24T00:00:00.000Z,Pump_18,7.5,hour,10.21 kg/gal,12.00 gal/hr,90,gal,5.64,USD / gal,526.5,918.9,kg,203.93,USD
2022-06-24T00:00:00.000Z,Pump_19,9.9,hour,10.21 kg/gal,12.00 gal/hr,118.8,gal,5.64,USD / gal,667.66,1212.95,kg,232.16,USD
2022-06-24T00:00:00.000Z,Pump_20,9.8,hour,10.21 kg/gal,12.00 gal/hr,117.6,gal,5.64,USD / gal,635.04,1200.7,kg,225.64,USD
2022-06-25T00:00:00.000Z,Pump_1,4.3,hour,10.21 kg/gal,15.06 gal/hr,64.76,gal,5.76,USD / gal,346.46,661.18,kg,167.92,USD
2022-06-25T00:00:00.000Z,Pump_2,8.7,hour,10.21 kg/gal,15.06 gal/hr,131.02,gal,5.76,USD / gal,750.76,1337.73,kg,248.78,USD
2022-06-25T00:00:00.000Z,Pump_3,8,hour,10.21 kg/gal,15.06 gal/hr,120.48,gal,5.76,USD / gal,663.84,1230.1,kg,231.4,USD
2022-06-25T00:00:00.000Z,Pump_4,9.7,hour,10.21 kg/gal,15.06 gal/hr,146.08,gal,5.76,USD / gal,854.58,1491.5,kg,269.55,USD
2022-06-25T00:00:00.000Z,Pump_5,7,hour,10.21 kg/gal,15.06 gal/hr,105.42,gal,5.76,USD / gal,586.14,1076.34,kg,215.86,USD
2022-06-25T00:00:00.000Z,Pump_6,8.8,hour,10.21 kg/gal,15.06 gal/hr,132.53,gal,5.76,USD / gal,772.64,1353.11,kg,253.16,USD
2022-06-25T00:00:00.000Z,Pump_7,10.5,hour,10.21 kg/gal,15.06 gal/hr,158.13,gal,5.76,USD / gal,872.88,1614.51,kg,273.21,USD
2022-06-25T00:00:00.000Z,Pump_8,10.5,hour,10.21 kg/gal,15.06 gal/hr,158.13,gal,5.76,USD / gal,896.6,1614.51,kg,277.95,USD
2022-06-25T00:00:00.000Z,Pump_9,9,hour,10.21 kg/gal,15.06 gal/hr,135.54,gal,5.76,USD / gal,786.13,1383.86,kg,255.86,USD
2022-06-25T00:00:00.000Z,Pump_10,8.5,hour,10.21 kg/gal,12.00 gal/hr,102,gal,5.76,USD / gal,562.02,1041.42,kg,211.03,USD
2022-06-25T00:00:00.000Z,Pump_11,8.9,hour,10.21 kg/gal,12.00 gal/hr,106.8,gal,5.76,USD / gal,580.99,1090.43,kg,214.83,USD
2022-06-25T00:00:00.000Z,Pump_12,10.4,hour,10.21 kg/gal,12.00 gal/hr,124.8,gal,5.76,USD / gal,702.62,1274.21,kg,239.15,USD
2022-06-25T00:00:00.000Z,Pump_13,6.8,hour,10.21 kg/gal,12.00 gal/hr,81.6,gal,5.76,USD / gal,440.64,833.14,kg,186.76,USD
2022-06-25T00:00:00.000Z,Pump_14,8.4,hour,10.21 kg/gal,12.00 gal/hr,100.8,gal,5.76,USD / gal,547.34,1029.17,kg,208.1,USD
2022-06-25T00:00:00.000Z,Pump_15,10.9,hour,10.21 kg/gal,12.00 gal/hr,130.8,gal,5.76,USD / gal,705.01,1335.47,kg,239.63,USD
2022-06-25T00:00:00.000Z,Pump_16,8.9,hour,10.21 kg/gal,12.00 gal/hr,106.8,gal,5.76,USD / gal,584.2,1090.43,kg,215.47,USD
2022-06-25T00:00:00.000Z,Pump_17,9.6,hour,10.21 kg/gal,12.00 gal/hr,115.2,gal,5.76,USD / gal,676.22,1176.19,kg,233.87,USD
2022-06-25T00:00:00.000Z,Pump_18,8,hour,10.21 kg/gal,12.00 gal/hr,96,gal,5.76,USD / gal,534.72,980.16,kg,205.57,USD
2022-06-25T00:00:00.000Z,Pump_19,8.2,hour,10.21 kg/gal,12.00 gal/hr,98.4,gal,5.76,USD / gal,557.93,1004.66,kg,210.22,USD
2022-06-25T00:00:00.000Z,Pump_20,9.6,hour,10.21 kg/gal,12.00 gal/hr,115.2,gal,5.76,USD / gal,665.86,1176.19,kg,231.8,USD
2022-06-26T00:00:00.000Z,Pump_1,7,hour,10.21 kg/gal,15.06 gal/hr,105.42,gal,5.83,USD / gal,612.49,1076.34,kg,221.13,USD
2022-06-26T00:00:00.000Z,Pump_2,9.2,hour,10.21 kg/gal,15.06 gal/hr,138.55,gal,5.83,USD / gal,809.14,1414.62,kg,260.46,USD
2022-06-26T00:00:00.000Z,Pump_3,8.8,hour,10.21 kg/gal,15.06 gal/hr,132.53,gal,5.83,USD / gal,748.78,1353.11,kg,248.39,USD
2022-06-26T00:00:00.000Z,Pump_4,10.5,hour,10.21 kg/gal,15.06 gal/hr,158.13,gal,5.83,USD / gal,912.41,1614.51,kg,281.11,USD
2022-06-26T00:00:00.000Z,Pump_5,7.3,hour,10.21 kg/gal,15.06 gal/hr,109.94,gal,5.83,USD / gal,638.74,1122.47,kg,226.38,USD
2022-06-26T00:00:00.000Z,Pump_6,8.2,hour,10.21 kg/gal,15.06 gal/hr,123.49,gal,5.83,USD / gal,692.79,1260.85,kg,237.19,USD
2022-06-26T00:00:00.000Z,Pump_7,10.8,hour,10.21 kg/gal,15.06 gal/hr,162.65,gal,5.83,USD / gal,891.31,1660.64,kg,276.89,USD
2022-06-26T00:00:00.000Z,Pump_8,9.6,hour,10.21 kg/gal,15.06 gal/hr,144.58,gal,5.83,USD / gal,816.85,1476.12,kg,262,USD
2022-06-26T00:00:00.000Z,Pump_9,4.1,hour,10.21 kg/gal,15.06 gal/hr,61.75,gal,5.83,USD / gal,333.43,630.43,kg,165.32,USD
2022-06-26T00:00:00.000Z,Pump_10,7.4,hour,10.21 kg/gal,12.00 gal/hr,88.8,gal,5.83,USD / gal,481.3,906.65,kg,194.89,USD
2022-06-26T00:00:00.000Z,Pump_11,8.1,hour,10.21 kg/gal,12.00 gal/hr,97.2,gal,5.83,USD / gal,565.7,992.41,kg,211.77,USD
2022-06-26T00:00:00.000Z,Pump_12,10,hour,10.21 kg/gal,12.00 gal/hr,120,gal,5.83,USD / gal,666,1225.2,kg,231.83,USD
2022-06-26T00:00:00.000Z,Pump_13,6.5,hour,10.21 kg/gal,12.00 gal/hr,78,gal,5.83,USD / gal,442.26,796.38,kg,187.08,USD
2022-06-26T00:00:00.000Z,Pump_14,7.1,hour,10.21 kg/gal,12.00 gal/hr,85.2,gal,5.83,USD / gal,471.16,869.89,kg,192.86,USD
2022-06-26T00:00:00.000Z,Pump_15,7.5,hour,10.21 kg/gal,12.00 gal/hr,90,gal,5.83,USD / gal,501.3,918.9,kg,198.89,USD
2022-06-26T00:00:00.000Z,Pump_16,11.8,hour,10.21 kg/gal,12.00 gal/hr,141.6,gal,5.83,USD / gal,784.46,1445.74,kg,255.52,USD
2022-06-26T00:00:00.000Z,Pump_17,5.2,hour,10.21 kg/gal,12.00 gal/hr,62.4,gal,5.83,USD / gal,336.96,637.1,kg,166.02,USD
2022-06-26T00:00:00.000Z,Pump_18,9.9,hour,10.21 kg/gal,12.00 gal/hr,118.8,gal,5.83,USD / gal,697.36,1212.95,kg,238.1,USD
2022-06-26T00:00:00.000Z,Pump_19,8.1,hour,10.21 kg/gal,12.00 gal/hr,97.2,gal,5.83,USD / gal,520.02,992.41,kg,202.63,USD
2022-06-26T00:00:00.000Z,Pump_20,10.3,hour,10.21 kg/gal,12.00 gal/hr,123.6,gal,5.83,USD / gal,719.35,1261.96,kg,242.5,USD
2022-06-27T00:00:00.000Z,Pump_1,6.7,hour,10.21 kg/gal,15.06 gal/hr,100.9,gal,5.73,USD / gal,583.21,1030.21,kg,215.27,USD
2022-06-27T00:00:00.000Z,Pump_2,8.7,hour,10.21 kg/gal,15.06 gal/hr,131.02,gal,5.73,USD / gal,748.14,1337.73,kg,248.26,USD
2022-06-27T00:00:00.000Z,Pump_3,9.1,hour,10.21 kg/gal,15.06 gal/hr,137.05,gal,5.73,USD / gal,788.01,1399.24,kg,256.23,USD
2022-06-27T00:00:00.000Z,Pump_4,10.5,hour,10.21 kg/gal,15.06 gal/hr,158.13,gal,5.73,USD / gal,907.67,1614.51,kg,280.16,USD
2022-06-27T00:00:00.000Z,Pump_5,7.5,hour,10.21 kg/gal,15.06 gal/hr,112.95,gal,5.73,USD / gal,653.98,1153.22,kg,229.43,USD
2022-06-27T00:00:00.000Z,Pump_6,8.3,hour,10.21 kg/gal,15.06 gal/hr,125,gal,5.73,USD / gal,707.49,1276.23,kg,240.13,USD
2022-06-27T00:00:00.000Z,Pump_7,9.6,hour,10.21 kg/gal,15.06 gal/hr,144.58,gal,5.73,USD / gal,837.1,1476.12,kg,266.05,USD
2022-06-27T00:00:00.000Z,Pump_8,7.4,hour,10.21 kg/gal,15.06 gal/hr,111.44,gal,5.73,USD / gal,609.6,1137.84,kg,220.55,USD
2022-06-27T00:00:00.000Z,Pump_9,7.7,hour,10.21 kg/gal,15.06 gal/hr,115.96,gal,5.73,USD / gal,662.14,1183.97,kg,231.06,USD
2022-06-27T00:00:00.000Z,Pump_10,7.8,hour,10.21 kg/gal,12.00 gal/hr,93.6,gal,5.73,USD / gal,522.29,955.66,kg,203.09,USD
2022-06-27T00:00:00.000Z,Pump_11,8.4,hour,10.21 kg/gal,12.00 gal/hr,100.8,gal,5.73,USD / gal,571.54,1029.17,kg,212.94,USD
2022-06-27T00:00:00.000Z,Pump_12,9.5,hour,10.21 kg/gal,12.00 gal/hr,114,gal,5.73,USD / gal,665.76,1163.94,kg,231.78,USD
2022-06-27T00:00:00.000Z,Pump_13,7.5,hour,10.21 kg/gal,12.00 gal/hr,90,gal,5.73,USD / gal,526.5,918.9,kg,203.93,USD
2022-06-27T00:00:00.000Z,Pump_14,9,hour,10.21 kg/gal,12.00 gal/hr,108,gal,5.73,USD / gal,631.8,1102.68,kg,224.99,USD
2022-06-27T00:00:00.000Z,Pump_15,10.5,hour,10.21 kg/gal,12.00 gal/hr,126,gal,5.73,USD / gal,690.48,1286.46,kg,236.73,USD
2022-06-27T00:00:00.000Z,Pump_16,9.4,hour,10.21 kg/gal,12.00 gal/hr,112.8,gal,5.73,USD / gal,657.62,1151.69,kg,230.15,USD
2022-06-27T00:00:00.000Z,Pump_17,5.2,hour,10.21 kg/gal,12.00 gal/hr,62.4,gal,5.73,USD / gal,362.54,637.1,kg,171.14,USD
2022-06-27T00:00:00.000Z,Pump_18,7.4,hour,10.21 kg/gal,12.00 gal/hr,88.8,gal,5.73,USD / gal,477.74,906.65,kg,194.18,USD
2022-06-27T00:00:00.000Z,Pump_19,10,hour,10.21 kg/gal,12.00 gal/hr,120,gal,5.73,USD / gal,698.4,1225.2,kg,238.31,USD
2022-06-27T00:00:00.000Z,Pump_20,10.4,hour,10.21 kg/gal,12.00 gal/hr,124.8,gal,5.73,USD / gal,696.38,1274.21,kg,237.91,USD
2022-06-28T00:00:00.000Z,Pump_1,9.2,hour,10.21 kg/gal,15.06 gal/hr,138.55,gal,5.51,USD / gal,752.34,1414.62,kg,249.1,USD
2022-06-28T00:00:00.000Z,Pump_2,7.4,hour,10.21 kg/gal,15.06 gal/hr,111.44,gal,5.51,USD / gal,629.66,1137.84,kg,224.56,USD
2022-06-28T00:00:00.000Z,Pump_3,8.1,hour,10.21 kg/gal,15.06 gal/hr,121.99,gal,5.51,USD / gal,680.68,1245.48,kg,234.77,USD
2022-06-28T00:00:00.000Z,Pump_4,10.1,hour,10.21 kg/gal,15.06 gal/hr,152.11,gal,5.51,USD / gal,895.9,1553,kg,277.81,USD
2022-06-28T00:00:00.000Z,Pump_5,7.3,hour,10.21 kg/gal,15.06 gal/hr,109.94,gal,5.51,USD / gal,618.95,1122.47,kg,222.42,USD
2022-06-28T00:00:00.000Z,Pump_6,7.3,hour,10.21 kg/gal,15.06 gal/hr,109.94,gal,5.51,USD / gal,591.47,1122.47,kg,216.92,USD
2022-06-28T00:00:00.000Z,Pump_7,8.2,hour,10.21 kg/gal,15.06 gal/hr,123.49,gal,5.51,USD / gal,726.13,1260.85,kg,243.86,USD
2022-06-28T00:00:00.000Z,Pump_8,12.5,hour,10.21 kg/gal,15.06 gal/hr,188.25,gal,5.51,USD / gal,1095.62,1922.03,kg,317.75,USD
2022-06-28T00:00:00.000Z,Pump_9,8.9,hour,10.21 kg/gal,15.06 gal/hr,134.03,gal,5.51,USD / gal,751.93,1368.49,kg,249.02,USD
2022-06-28T00:00:00.000Z,Pump_10,6.7,hour,10.21 kg/gal,12.00 gal/hr,80.4,gal,5.51,USD / gal,455.06,820.88,kg,189.64,USD
2022-06-28T00:00:00.000Z,Pump_11,8.2,hour,10.21 kg/gal,12.00 gal/hr,98.4,gal,5.51,USD / gal,579.58,1004.66,kg,214.55,USD
2022-06-28T00:00:00.000Z,Pump_12,10.4,hour,10.21 kg/gal,12.00 gal/hr,124.8,gal,5.51,USD / gal,681.41,1274.21,kg,234.91,USD
2022-06-28T00:00:00.000Z,Pump_13,6.9,hour,10.21 kg/gal,12.00 gal/hr,82.8,gal,5.51,USD / gal,453.74,845.39,kg,189.38,USD
2022-06-28T00:00:00.000Z,Pump_14,7.2,hour,10.21 kg/gal,12.00 gal/hr,86.4,gal,5.51,USD / gal,478.66,882.14,kg,194.36,USD
2022-06-28T00:00:00.000Z,Pump_15,8.4,hour,10.21 kg/gal,12.00 gal/hr,100.8,gal,5.51,USD / gal,562.46,1029.17,kg,211.12,USD
2022-06-28T00:00:00.000Z,Pump_16,10.6,hour,10.21 kg/gal,12.00 gal/hr,127.2,gal,5.51,USD / gal,747.94,1298.71,kg,248.22,USD
2022-06-28T00:00:00.000Z,Pump_17,4.8,hour,10.21 kg/gal,12.00 gal/hr,57.6,gal,5.51,USD / gal,336.38,588.1,kg,165.91,USD
2022-06-28T00:00:00.000Z,Pump_18,9.5,hour,10.21 kg/gal,12.00 gal/hr,114,gal,5.51,USD / gal,623.58,1163.94,kg,223.35,USD
2022-06-28T00:00:00.000Z,Pump_19,8.9,hour,10.21 kg/gal,12.00 gal/hr,106.8,gal,5.51,USD / gal,625.85,1090.43,kg,223.8,USD
2022-06-28T00:00:00.000Z,Pump_20,10.3,hour,10.21 kg/gal,12.00 gal/hr,123.6,gal,5.51,USD / gal,682.27,1261.96,kg,235.08,USD
2022-06-29T00:00:00.000Z,Pump_1,9.2,hour,10.21 kg/gal,15.06 gal/hr,138.55,gal,5.51,USD / gal,742.64,1414.62,kg,247.16,USD
2022-06-29T00:00:00.000Z,Pump_2,8.9,hour,10.21 kg/gal,15.06 gal/hr,134.03,gal,5.51,USD / gal,758.63,1368.49,kg,250.36,USD
2022-06-29T00:00:00.000Z,Pump_3,9.2,hour,10.21 kg/gal,15.06 gal/hr,138.55,gal,5.51,USD / gal,750.95,1414.62,kg,248.82,USD
2022-06-29T00:00:00.000Z,Pump_4,10.3,hour,10.21 kg/gal,15.06 gal/hr,155.12,gal,5.51,USD / gal,887.27,1583.75,kg,276.08,USD
2022-06-29T00:00:00.000Z,Pump_5,6.7,hour,10.21 kg/gal,15.06 gal/hr,100.9,gal,5.51,USD / gal,586.24,1030.21,kg,215.88,USD
2022-06-29T00:00:00.000Z,Pump_6,8.5,hour,10.21 kg/gal,15.06 gal/hr,128.01,gal,5.51,USD / gal,706.62,1306.98,kg,239.95,USD
2022-06-29T00:00:00.000Z,Pump_7,9,hour,10.21 kg/gal,15.06 gal/hr,135.54,gal,5.51,USD / gal,771.22,1383.86,kg,252.87,USD
2022-06-29T00:00:00.000Z,Pump_8,12.3,hour,10.21 kg/gal,15.06 gal/hr,185.24,gal,5.51,USD / gal,1031.78,1891.28,kg,304.99,USD
2022-06-29T00:00:00.000Z,Pump_9,4.5,hour,10.21 kg/gal,15.06 gal/hr,67.77,gal,5.51,USD / gal,385.61,691.93,kg,175.75,USD
2022-06-29T00:00:00.000Z,Pump_10,9.7,hour,10.21 kg/gal,12.00 gal/hr,116.4,gal,5.51,USD / gal,642.53,1188.44,kg,227.14,USD
2022-06-29T00:00:00.000Z,Pump_11,9.8,hour,10.21 kg/gal,12.00 gal/hr,117.6,gal,5.51,USD / gal,659.74,1200.7,kg,230.58,USD
2022-06-29T00:00:00.000Z,Pump_12,10.1,hour,10.21 kg/gal,12.00 gal/hr,121.2,gal,5.51,USD / gal,692.05,1237.45,kg,237.04,USD
2022-06-29T00:00:00.000Z,Pump_13,7.5,hour,10.21 kg/gal,12.00 gal/hr,90,gal,5.51,USD / gal,500.4,918.9,kg,198.71,USD
2022-06-29T00:00:00.000Z,Pump_14,8,hour,10.21 kg/gal,12.00 gal/hr,96,gal,5.51,USD / gal,523.2,980.16,kg,203.27,USD
2022-06-29T00:00:00.000Z,Pump_15,8.6,hour,10.21 kg/gal,12.00 gal/hr,103.2,gal,5.51,USD / gal,583.08,1053.67,kg,215.25,USD
2022-06-29T00:00:00.000Z,Pump_16,9,hour,10.21 kg/gal,12.00 gal/hr,108,gal,5.51,USD / gal,592.92,1102.68,kg,217.21,USD
2022-06-29T00:00:00.000Z,Pump_17,4.8,hour,10.21 kg/gal,12.00 gal/hr,57.6,gal,5.51,USD / gal,332.93,588.1,kg,165.22,USD
2022-06-29T00:00:00.000Z,Pump_18,9.7,hour,10.21 kg/gal,12.00 gal/hr,116.4,gal,5.51,USD / gal,675.12,1188.44,kg,233.65,USD
2022-06-29T00:00:00.000Z,Pump_19,9.6,hour,10.21 kg/gal,12.00 gal/hr,115.2,gal,5.51,USD / gal,624.38,1176.19,kg,223.51,USD
2022-06-29T00:00:00.000Z,Pump_20,10.5,hour,10.21 kg/gal,12.00 gal/hr,126,gal,5.51,USD / gal,687.96,1286.46,kg,236.22,USD
2022-06-30T00:00:00.000Z,Pump_1,9,hour,10.21 kg/gal,15.06 gal/hr,135.54,gal,5.58,USD / gal,779.36,1383.86,kg,254.5,USD
2022-06-30T00:00:00.000Z,Pump_2,9.1,hour,10.21 kg/gal,15.06 gal/hr,137.05,gal,5.58,USD / gal,782.53,1399.24,kg,255.14,USD
2022-06-30T00:00:00.000Z,Pump_3,8.7,hour,10.21 kg/gal,15.06 gal/hr,131.02,gal,5.58,USD / gal,702.28,1337.73,kg,239.09,USD
2022-06-30T00:00:00.000Z,Pump_4,10.5,hour,10.21 kg/gal,15.06 gal/hr,158.13,gal,5.58,USD / gal,847.58,1614.51,kg,268.15,USD
2022-06-30T00:00:00.000Z,Pump_5,7.5,hour,10.21 kg/gal,15.06 gal/hr,112.95,gal,5.58,USD / gal,644.94,1153.22,kg,227.62,USD
2022-06-30T00:00:00.000Z,Pump_6,7.8,hour,10.21 kg/gal,15.06 gal/hr,117.47,gal,5.58,USD / gal,667.22,1199.35,kg,232.07,USD
2022-06-30T00:00:00.000Z,Pump_7,10.8,hour,10.21 kg/gal,15.06 gal/hr,162.65,gal,5.58,USD / gal,918.96,1660.64,kg,282.42,USD
2022-06-30T00:00:00.000Z,Pump_8,7.1,hour,10.21 kg/gal,15.06 gal/hr,106.93,gal,5.58,USD / gal,603.06,1091.71,kg,219.24,USD
2022-06-30T00:00:00.000Z,Pump_9,6.2,hour,10.21 kg/gal,15.06 gal/hr,93.37,gal,5.58,USD / gal,535.96,953.33,kg,205.82,USD
2022-06-30T00:00:00.000Z,Pump_10,9.6,hour,10.21 kg/gal,12.00 gal/hr,115.2,gal,5.58,USD / gal,678.53,1176.19,kg,234.34,USD
2022-06-30T00:00:00.000Z,Pump_11,8.3,hour,10.21 kg/gal,12.00 gal/hr,99.6,gal,5.58,USD / gal,569.71,1016.92,kg,212.57,USD
2022-06-30T00:00:00.000Z,Pump_12,9.8,hour,10.21 kg/gal,12.00 gal/hr,117.6,gal,5.58,USD / gal,652.68,1200.7,kg,229.17,USD
2022-06-30T00:00:00.000Z,Pump_13,7.3,hour,10.21 kg/gal,12.00 gal/hr,87.6,gal,5.58,USD / gal,487.06,894.4,kg,196.04,USD
2022-06-30T00:00:00.000Z,Pump_14,7.2,hour,10.21 kg/gal,12.00 gal/hr,86.4,gal,5.58,USD / gal,490.75,882.14,kg,196.78,USD
2022-06-30T00:00:00.000Z,Pump_15,7.9,hour,10.21 kg/gal,12.00 gal/hr,94.8,gal,5.58,USD / gal,522.35,967.91,kg,203.1,USD
2022-06-30T00:00:00.000Z,Pump_16,8.2,hour,10.21 kg/gal,12.00 gal/hr,98.4,gal,5.58,USD / gal,553.01,1004.66,kg,209.23,USD
2022-06-30T00:00:00.000Z,Pump_17,5.6,hour,10.21 kg/gal,12.00 gal/hr,67.2,gal,5.58,USD / gal,374.3,686.11,kg,173.49,USD
2022-06-30T00:00:00.000Z,Pump_18,9.7,hour,10.21 kg/gal,12.00 gal/hr,116.4,gal,5.58,USD / gal,650.68,1188.44,kg,228.77,USD
2022-06-30T00:00:00.000Z,Pump_19,9.4,hour,10.21 kg/gal,12.00 gal/hr,112.8,gal,5.58,USD / gal,661.01,1151.69,kg,230.83,USD
2022-06-30T00:00:00.000Z,Pump_20,9.9,hour,10.21 kg/gal,12.00 gal/hr,118.8,gal,5.58,USD / gal,690.23,1212.95,kg,236.68,USD
2022-07-01T00:00:00.000Z,Pump_1,8.8,hour,10.21 kg/gal,15.06 gal/hr,132.53,gal,5.48,USD / gal,769.99,1353.11,kg,252.63,USD
2022-07-01T00:00:00.000Z,Pump_2,6.8,hour,10.21 kg/gal,15.06 gal/hr,102.41,gal,5.48,USD / gal,591.92,1045.59,kg,217.01,USD
2022-07-01T00:00:00.000Z,Pump_3,9.3,hour,10.21 kg/gal,15.06 gal/hr,140.06,gal,5.48,USD / gal,780.12,1429.99,kg,254.65,USD
2022-07-01T00:00:00.000Z,Pump_4,9.5,hour,10.21 kg/gal,15.06 gal/hr,143.07,gal,5.48,USD / gal,819.79,1460.74,kg,262.59,USD
2022-07-01T00:00:00.000Z,Pump_5,6.8,hour,10.21 kg/gal,15.06 gal/hr,102.41,gal,5.48,USD / gal,575.53,1045.59,kg,213.74,USD
2022-07-01T00:00:00.000Z,Pump_6,7.3,hour,10.21 kg/gal,15.06 gal/hr,109.94,gal,5.48,USD / gal,613.45,1122.47,kg,221.32,USD
2022-07-01T00:00:00.000Z,Pump_7,10.3,hour,10.21 kg/gal,15.06 gal/hr,155.12,gal,5.48,USD / gal,868.66,1583.75,kg,272.36,USD
2022-07-01T00:00:00.000Z,Pump_8,11.9,hour,10.21 kg/gal,15.06 gal/hr,179.21,gal,5.48,USD / gal,965.96,1829.77,kg,291.82,USD
2022-07-01T00:00:00.000Z,Pump_9,9.6,hour,10.21 kg/gal,15.06 gal/hr,144.58,gal,5.48,USD / gal,803.84,1476.12,kg,259.4,USD
2022-07-01T00:00:00.000Z,Pump_10,8.5,hour,10.21 kg/gal,12.00 gal/hr,102,gal,5.48,USD / gal,579.36,1041.42,kg,214.5,USD
2022-07-01T00:00:00.000Z,Pump_11,8.8,hour,10.21 kg/gal,12.00 gal/hr,105.6,gal,5.48,USD / gal,606.14,1078.18,kg,219.86,USD
2022-07-01T00:00:00.000Z,Pump_12,10.1,hour,10.21 kg/gal,12.00 gal/hr,121.2,gal,5.48,USD / gal,650.84,1237.45,kg,228.8,USD
2022-07-01T00:00:00.000Z,Pump_13,6.8,hour,10.21 kg/gal,12.00 gal/hr,81.6,gal,5.48,USD / gal,458.59,833.14,kg,190.35,USD
2022-07-01T00:00:00.000Z,Pump_14,8.3,hour,10.21 kg/gal,12.00 gal/hr,99.6,gal,5.48,USD / gal,558.76,1016.92,kg,210.38,USD
2022-07-01T00:00:00.000Z,Pump_15,7.3,hour,10.21 kg/gal,12.00 gal/hr,87.6,gal,5.48,USD / gal,481.8,894.4,kg,194.99,USD
2022-07-01T00:00:00.000Z,Pump_16,7.3,hour,10.21 kg/gal,12.00 gal/hr,87.6,gal,5.48,USD / gal,488.81,894.4,kg,196.39,USD
2022-07-01T00:00:00.000Z,Pump_17,4.6,hour,10.21 kg/gal,12.00 gal/hr,55.2,gal,5.48,USD / gal,299.18,563.59,kg,158.47,USD
2022-07-01T00:00:00.000Z,Pump_18,9.6,hour,10.21 kg/gal,12.00 gal/hr,115.2,gal,5.48,USD / gal,665.86,1176.19,kg,231.8,USD
2022-07-01T00:00:00.000Z,Pump_19,8.5,hour,10.21 kg/gal,12.00 gal/hr,102,gal,5.48,USD / gal,588.54,1041.42,kg,216.34,USD
2022-07-01T00:00:00.000Z,Pump_20,9.8,hour,10.21 kg/gal,12.00 gal/hr,117.6,gal,5.48,USD / gal,676.2,1200.7,kg,233.87,USD